2026-08-18 02:19:58,564 | INFO | [MESSAGE] boweiiday | CT   Thduy X NgGin? | #𝑚𝑎𝑖𝑛-𝑐ℎ𝑎𝑡 | 
2026-08-18 02:20:01,857 | INFO | [MESSAGE] hieu0182. | CT   Thduy X NgGin? | #𝑚𝑎𝑖𝑛-𝑐ℎ𝑎𝑡 | 
2026-08-18 02:20:07,118 | INFO | [MESSAGE] hieu0182. | CT   Thduy X NgGin? | #𝑚𝑎𝑖𝑛-𝑐ℎ𝑎𝑡 | 
2026-08-18 02:20:10,992 | INFO | [MESSAGE] boweiiday | CT   Thduy X NgGin? | #𝑚𝑎𝑖𝑛-𝑐ℎ𝑎𝑡 | 
2026-08-18 02:20:12,841 | INFO | [MESSAGE] hieu0182. | CT   Thduy X NgGin? | #𝑚𝑎𝑖𝑛-𝑐ℎ𝑎𝑡 | 
2026-08-18 02:20:13,582 | INFO | [MESSAGE] boweiiday | CT   Thduy X NgGin? | #𝑚𝑎𝑖𝑛-𝑐ℎ𝑎𝑡 | 
2026-08-18 02:20:18,709 | INFO | [MESSAGE] hieu0182. | CT   Thduy X NgGin? | #𝑚𝑎𝑖𝑛-𝑐ℎ𝑎𝑡 | 
2026-08-18 02:20:23,139 | INFO | [MESSAGE] hieu0182. | CT   Thduy X NgGin? | #𝑚𝑎𝑖𝑛-𝑐ℎ𝑎𝑡 | 
2026-08-18 02:20:23,632 | INFO | [MESSAGE] boweiiday | CT   Thduy X NgGin? | #𝑚𝑎𝑖𝑛-𝑐ℎ𝑎𝑡 | 
2026-08-18 02:20:25,968 | INFO | [MESSAGE] boweiiday | CT   Thduy X NgGin? | #𝑚𝑎𝑖𝑛-𝑐ℎ𝑎𝑡 | 
2026-08-18 02:20:33,573 | INFO | [MESSAGE] hieu0182. | CT   Thduy X NgGin? | #𝑚𝑎𝑖𝑛-𝑐ℎ𝑎𝑡 | 
2026-08-18 02:20:35,647 | INFO | [MESSAGE] boweiiday | CT   Thduy X NgGin? | #𝑚𝑎𝑖𝑛-𝑐ℎ𝑎𝑡 | 
2026-08-18 02:20:45,721 | INFO | [MESSAGE] hieu0182. | CT   Thduy X NgGin? | #𝑚𝑎𝑖𝑛-𝑐ℎ𝑎𝑡 | 
2026-08-18 02:20:46,433 | INFO | [MESSAGE] boweiiday | CT   Thduy X NgGin? | #𝑚𝑎𝑖𝑛-𝑐ℎ𝑎𝑡 | 
2026-08-18 02:20:48,866 | INFO | [MESSAGE] boweiiday | CT   Thduy X NgGin? | #𝑚𝑎𝑖𝑛-𝑐ℎ𝑎𝑡 | 
2026-08-18 02:21:00,980 | INFO | [MESSAGE] hieu0182. | CT   Thduy X NgGin? | #𝑚𝑎𝑖𝑛-𝑐ℎ𝑎𝑡 | 
2026-08-18 02:21:14,384 | INFO | [MESSAGE] boweiiday | CT   Thduy X NgGin? | #𝑚𝑎𝑖𝑛-𝑐ℎ𝑎𝑡 | 
2026-08-18 02:21:15,261 | INFO | [MESSAGE] boweiiday | CT   Thduy X NgGin? | #𝑚𝑎𝑖𝑛-𝑐ℎ𝑎𝑡 | 
2026-08-18 02:21:23,600 | INFO | [MESSAGE] hieu0182. | CT   Thduy X NgGin? | #𝑚𝑎𝑖𝑛-𝑐ℎ𝑎𝑡 | 
2026-08-18 02:21:24,702 | INFO | [MESSAGE] hieu0182. | CT   Thduy X NgGin? | #𝑚𝑎𝑖𝑛-𝑐ℎ𝑎𝑡 | 
2026-08-18 02:21:32,881 | INFO | [MESSAGE] boweiiday | CT   Thduy X NgGin? | #𝑚𝑎𝑖𝑛-𝑐ℎ𝑎𝑡 | 
2026-08-18 02:21:34,733 | INFO | [MESSAGE] boweiiday | CT   Thduy X NgGin? | #𝑚𝑎𝑖𝑛-𝑐ℎ𝑎𝑡 | 
2026-08-18 02:21:35,846 | INFO | [MESSAGE] hieu0182. | CT   Thduy X NgGin? | #𝑚𝑎𝑖𝑛-𝑐ℎ𝑎𝑡 | 
2026-08-18 02:21:36,771 | INFO | [MESSAGE] boweiiday | CT   Thduy X NgGin? | #𝑚𝑎𝑖𝑛-𝑐ℎ𝑎𝑡 | 
2026-08-18 02:21:38,340 | INFO | [MESSAGE] hieu0182. | CT   Thduy X NgGin? | #𝑚𝑎𝑖𝑛-𝑐ℎ𝑎𝑡 | 
2026-08-18 02:21:38,343 | INFO | [MESSAGE] boweiiday | CT   Thduy X NgGin? | #𝑚𝑎𝑖𝑛-𝑐ℎ𝑎𝑡 | 
2026-08-18 02:21:39,454 | INFO | [MESSAGE] boweiiday | CT   Thduy X NgGin? | #𝑚𝑎𝑖𝑛-𝑐ℎ𝑎𝑡 | 
2026-08-18 02:21:41,207 | INFO | [MESSAGE] boweiiday | CT   Thduy X NgGin? | #𝑚𝑎𝑖𝑛-𝑐ℎ𝑎𝑡 | 
2026-08-18 02:21:54,144 | INFO | [MESSAGE] hieu0182. | CT   Thduy X NgGin? | #𝑚𝑎𝑖𝑛-𝑐ℎ𝑎𝑡 | 
2026-08-18 02:22:08,987 | INFO | [MESSAGE] boweiiday | CT   Thduy X NgGin? | #𝑚𝑎𝑖𝑛-𝑐ℎ𝑎𝑡 | 
2026-08-18 02:22:14,824 | INFO | [MESSAGE] hieu0182. | CT   Thduy X NgGin? | #𝑚𝑎𝑖𝑛-𝑐ℎ𝑎𝑡 | 
2026-08-18 02:22:16,326 | INFO | [MESSAGE] hieu0182. | CT   Thduy X NgGin? | #𝑚𝑎𝑖𝑛-𝑐ℎ𝑎𝑡 | 
2026-08-18 02:22:21,108 | INFO | [MESSAGE] hieu0182. | CT   Thduy X NgGin? | #𝑚𝑎𝑖𝑛-𝑐ℎ𝑎𝑡 | 
2026-08-18 02:22:23,709 | INFO | [MESSAGE] boweiiday | CT   Thduy X NgGin? | #𝑚𝑎𝑖𝑛-𝑐ℎ𝑎𝑡 | 
2026-08-18 02:22:29,175 | INFO | [MESSAGE] hieu0182. | CT   Thduy X NgGin? | #𝑚𝑎𝑖𝑛-𝑐ℎ𝑎𝑡 | 
2026-08-18 02:22:40,375 | INFO | [MESSAGE] boweiiday | CT   Thduy X NgGin? | #𝑚𝑎𝑖𝑛-𝑐ℎ𝑎𝑡 | 
2026-08-18 02:22:43,084 | INFO | [MESSAGE] boweiiday | CT   Thduy X NgGin? | #𝑚𝑎𝑖𝑛-𝑐ℎ𝑎𝑡 | 
2026-08-18 02:22:48,300 | INFO | [MESSAGE] hieu0182. | CT   Thduy X NgGin? | #𝑚𝑎𝑖𝑛-𝑐ℎ𝑎𝑡 | 
2026-08-18 02:23:20,241 | INFO | Bắt đầu spam DM cho itbietsomuonbiandon (ID: 1454316908105961573) mỗi 1.0s
2026-08-18 02:23:22,623 | INFO | Đã gửi DM thành công cho itbietsomuonbiandon
2026-08-18 02:23:24,312 | INFO | Đã gửi DM thành công cho itbietsomuonbiandon
2026-08-18 02:23:25,839 | INFO | Đã gửi DM thành công cho itbietsomuonbiandon
2026-08-18 02:23:27,511 | INFO | Đã gửi DM thành công cho itbietsomuonbiandon
2026-08-18 02:23:29,788 | INFO | Đã gửi DM thành công cho itbietsomuonbiandon
2026-08-18 02:23:31,202 | INFO | Đã gửi DM thành công cho itbietsomuonbiandon
2026-08-18 02:23:32,634 | INFO | Đã gửi DM thành công cho itbietsomuonbiandon
2026-08-18 02:23:34,167 | INFO | Đã gửi DM thành công cho itbietsomuonbiandon
2026-08-18 02:23:35,727 | INFO | Đã gửi DM thành công cho itbietsomuonbiandon
2026-08-18 02:23:37,356 | INFO | Đã gửi DM thành công cho itbietsomuonbiandon
2026-08-18 02:23:38,835 | INFO | Đã gửi DM thành công cho itbietsomuonbiandon
2026-08-18 02:23:40,337 | INFO | Đã gửi DM thành công cho itbietsomuonbiandon
2026-08-18 02:23:41,742 | INFO | Đã gửi DM thành công cho itbietsomuonbiandon
2026-08-18 02:23:43,210 | INFO | Đã gửi DM thành công cho itbietsomuonbiandon
2026-08-18 02:23:44,599 | INFO | Đã gửi DM thành công cho itbietsomuonbiandon
2026-08-18 02:23:45,995 | INFO | Đã gửi DM thành công cho itbietsomuonbiandon
2026-08-18 02:23:46,551 | INFO | Bắt đầu spam DM cho conongvuive. (ID: 1387263518910447837) mỗi 1.0s
2026-08-18 02:23:47,542 | INFO | Đã gửi DM thành công cho itbietsomuonbiandon
2026-08-18 02:23:48,205 | WARNING | Không thể gửi DM cho conongvuive. (ID: 1387263518910447837) - Bot bị chặn hoặc người dùng đóng DM.
2026-08-18 02:23:49,004 | INFO | Đã gửi DM thành công cho itbietsomuonbiandon
2026-08-18 02:23:50,542 | INFO | Đã gửi DM thành công cho itbietsomuonbiandon
2026-08-18 02:23:51,991 | INFO | Đã gửi DM thành công cho itbietsomuonbiandon
2026-08-18 02:23:53,388 | INFO | Đã gửi DM thành công cho itbietsomuonbiandon
2026-08-18 02:23:53,824 | INFO | [MESSAGE] hieu0182. | CT   Thduy X NgGin? | #𝑚𝑎𝑖𝑛-𝑐ℎ𝑎𝑡 | 
2026-08-18 02:23:54,809 | INFO | Đã gửi DM thành công cho itbietsomuonbiandon
2026-08-18 02:23:56,626 | INFO | Đã gửi DM thành công cho itbietsomuonbiandon
2026-08-18 02:23:58,125 | INFO | Đã gửi DM thành công cho itbietsomuonbiandon
2026-08-18 02:23:58,727 | INFO | [MESSAGE] hieu0182. | CT   Thduy X NgGin? | #𝑚𝑎𝑖𝑛-𝑐ℎ𝑎𝑡 | 
2026-08-18 02:23:59,696 | INFO | Đã gửi DM thành công cho itbietsomuonbiandon
2026-08-18 02:24:01,186 | INFO | Đã gửi DM thành công cho itbietsomuonbiandon
2026-08-18 02:24:02,607 | INFO | Đã gửi DM thành công cho itbietsomuonbiandon
2026-08-18 02:24:03,259 | INFO | [MESSAGE] boweiiday | CT   Thduy X NgGin? | #𝑚𝑎𝑖𝑛-𝑐ℎ𝑎𝑡 | 
2026-08-18 02:24:04,008 | INFO | Đã gửi DM thành công cho itbietsomuonbiandon
2026-08-18 02:24:05,220 | INFO | [MESSAGE] boweiiday | CT   Thduy X NgGin? | #𝑚𝑎𝑖𝑛-𝑐ℎ𝑎𝑡 | 
2026-08-18 02:24:05,450 | INFO | Đã gửi DM thành công cho itbietsomuonbiandon
2026-08-18 02:24:06,954 | INFO | Đã gửi DM thành công cho itbietsomuonbiandon
2026-08-18 02:24:08,427 | INFO | Đã gửi DM thành công cho itbietsomuonbiandon
2026-08-18 02:24:09,828 | INFO | Đã gửi DM thành công cho itbietsomuonbiandon
2026-08-18 02:24:11,398 | INFO | Đã gửi DM thành công cho itbietsomuonbiandon
2026-08-18 02:24:12,876 | INFO | Đã gửi DM thành công cho itbietsomuonbiandon
2026-08-18 02:24:14,319 | INFO | Đã gửi DM thành công cho itbietsomuonbiandon
2026-08-18 02:24:15,719 | INFO | Đã gửi DM thành công cho itbietsomuonbiandon
2026-08-18 02:24:15,995 | INFO | [MESSAGE] hieu0182. | CT   Thduy X NgGin? | #𝑚𝑎𝑖𝑛-𝑐ℎ𝑎𝑡 | 
2026-08-18 02:24:17,143 | INFO | Đã gửi DM thành công cho itbietsomuonbiandon
2026-08-18 02:24:18,625 | INFO | Đã gửi DM thành công cho itbietsomuonbiandon
2026-08-18 02:24:20,218 | INFO | Đã gửi DM thành công cho itbietsomuonbiandon
2026-08-18 02:24:21,632 | INFO | Đã gửi DM thành công cho itbietsomuonbiandon
2026-08-18 02:24:22,052 | INFO | [MESSAGE] boweiiday | CT   Thduy X NgGin? | #𝑚𝑎𝑖𝑛-𝑐ℎ𝑎𝑡 | 
2026-08-18 02:24:23,048 | INFO | Đã gửi DM thành công cho itbietsomuonbiandon
2026-08-18 02:24:24,637 | INFO | Đã gửi DM thành công cho itbietsomuonbiandon
2026-08-18 02:24:26,061 | INFO | Đã gửi DM thành công cho itbietsomuonbiandon
2026-08-18 02:24:27,480 | INFO | Đã gửi DM thành công cho itbietsomuonbiandon
2026-08-18 02:24:28,915 | INFO | Đã gửi DM thành công cho itbietsomuonbiandon
2026-08-18 02:24:30,373 | INFO | Đã gửi DM thành công cho itbietsomuonbiandon
2026-08-18 02:24:31,829 | INFO | Đã gửi DM thành công cho itbietsomuonbiandon
2026-08-18 02:24:33,295 | INFO | Đã gửi DM thành công cho itbietsomuonbiandon
2026-08-18 02:24:34,721 | INFO | Đã gửi DM thành công cho itbietsomuonbiandon
2026-08-18 02:24:34,940 | INFO | [MESSAGE] hieu0182. | CT   Thduy X NgGin? | #𝑚𝑎𝑖𝑛-𝑐ℎ𝑎𝑡 | 
2026-08-18 02:24:36,152 | INFO | Đã gửi DM thành công cho itbietsomuonbiandon
2026-08-18 02:24:37,680 | INFO | Đã gửi DM thành công cho itbietsomuonbiandon
2026-08-18 02:24:39,101 | INFO | Đã gửi DM thành công cho itbietsomuonbiandon
2026-08-18 02:24:40,617 | INFO | Đã gửi DM thành công cho itbietsomuonbiandon
2026-08-18 02:24:42,019 | INFO | Đã gửi DM thành công cho itbietsomuonbiandon
2026-08-18 02:24:43,481 | INFO | Đã gửi DM thành công cho itbietsomuonbiandon
2026-08-18 02:24:44,539 | INFO | [MESSAGE] hieu0182. | CT   Thduy X NgGin? | #𝑚𝑎𝑖𝑛-𝑐ℎ𝑎𝑡 | 
2026-08-18 02:24:44,900 | INFO | Đã gửi DM thành công cho itbietsomuonbiandon
2026-08-18 02:24:46,307 | INFO | Đã gửi DM thành công cho itbietsomuonbiandon
2026-08-18 02:24:48,268 | INFO | Đã gửi DM thành công cho itbietsomuonbiandon
2026-08-18 02:24:48,813 | INFO | [MESSAGE] boweiiday | CT   Thduy X NgGin? | #𝑚𝑎𝑖𝑛-𝑐ℎ𝑎𝑡 | 
2026-08-18 02:24:49,660 | INFO | Đã gửi DM thành công cho itbietsomuonbiandon
2026-08-18 02:24:51,066 | INFO | Đã gửi DM thành công cho itbietsomuonbiandon
2026-08-18 02:24:51,894 | INFO | [MESSAGE] boweiiday | CT   Thduy X NgGin? | #𝑚𝑎𝑖𝑛-𝑐ℎ𝑎𝑡 | 
2026-08-18 02:24:52,502 | INFO | Đã gửi DM thành công cho itbietsomuonbiandon
2026-08-18 02:24:54,017 | INFO | Đã gửi DM thành công cho itbietsomuonbiandon
2026-08-18 02:24:55,461 | INFO | Đã gửi DM thành công cho itbietsomuonbiandon
2026-08-18 02:24:56,958 | INFO | Đã gửi DM thành công cho itbietsomuonbiandon
2026-08-18 02:24:58,358 | INFO | Đã gửi DM thành công cho itbietsomuonbiandon
2026-08-18 02:24:59,837 | INFO | Đã gửi DM thành công cho itbietsomuonbiandon
2026-08-18 02:25:00,185 | INFO | [MESSAGE] hieu0182. | CT   Thduy X NgGin? | #𝑚𝑎𝑖𝑛-𝑐ℎ𝑎𝑡 | 
2026-08-18 02:25:01,302 | INFO | Đã gửi DM thành công cho itbietsomuonbiandon
2026-08-18 02:25:02,753 | INFO | Đã gửi DM thành công cho itbietsomuonbiandon
2026-08-18 02:25:04,224 | INFO | Đã gửi DM thành công cho itbietsomuonbiandon
2026-08-18 02:25:05,956 | INFO | Đã gửi DM thành công cho itbietsomuonbiandon
2026-08-18 02:25:07,729 | INFO | [MESSAGE] hieu0182. | CT   Thduy X NgGin? | #𝑚𝑎𝑖𝑛-𝑐ℎ𝑎𝑡 | 
2026-08-18 02:25:07,755 | INFO | Đã gửi DM thành công cho itbietsomuonbiandon
2026-08-18 02:25:09,275 | INFO | Đã gửi DM thành công cho itbietsomuonbiandon
2026-08-18 02:25:11,197 | INFO | Đã gửi DM thành công cho itbietsomuonbiandon
2026-08-18 02:25:12,678 | INFO | Đã gửi DM thành công cho itbietsomuonbiandon
2026-08-18 02:25:14,084 | INFO | Đã gửi DM thành công cho itbietsomuonbiandon
2026-08-18 02:25:15,502 | INFO | Đã gửi DM thành công cho itbietsomuonbiandon
2026-08-18 02:25:16,973 | INFO | Đã gửi DM thành công cho itbietsomuonbiandon
2026-08-18 02:25:18,402 | INFO | Đã gửi DM thành công cho itbietsomuonbiandon
2026-08-18 02:25:20,008 | INFO | Đã gửi DM thành công cho itbietsomuonbiandon
2026-08-18 02:25:21,489 | INFO | Đã gửi DM thành công cho itbietsomuonbiandon
2026-08-18 02:25:22,902 | INFO | Đã gửi DM thành công cho itbietsomuonbiandon
2026-08-18 02:25:24,509 | INFO | Đã gửi DM thành công cho itbietsomuonbiandon
2026-08-18 02:25:26,003 | INFO | Đã gửi DM thành công cho itbietsomuonbiandon
2026-08-18 02:25:27,437 | INFO | Đã gửi DM thành công cho itbietsomuonbiandon
2026-08-18 02:25:28,854 | INFO | Đã gửi DM thành công cho itbietsomuonbiandon
2026-08-18 02:25:30,410 | INFO | Đã gửi DM thành công cho itbietsomuonbiandon
2026-08-18 02:25:31,939 | INFO | Đã gửi DM thành công cho itbietsomuonbiandon
2026-08-18 02:25:33,379 | INFO | Đã gửi DM thành công cho itbietsomuonbiandon
2026-08-18 02:25:34,277 | INFO | [MESSAGE] hieu0182. | CT   Thduy X NgGin? | #𝑚𝑎𝑖𝑛-𝑐ℎ𝑎𝑡 | 
2026-08-18 02:25:34,903 | INFO | Đã gửi DM thành công cho itbietsomuonbiandon
2026-08-18 02:25:36,483 | INFO | Đã gửi DM thành công cho itbietsomuonbiandon
2026-08-18 02:25:37,931 | INFO | Đã gửi DM thành công cho itbietsomuonbiandon
2026-08-18 02:25:39,358 | INFO | Đã gửi DM thành công cho itbietsomuonbiandon
2026-08-18 02:25:40,801 | INFO | Đã gửi DM thành công cho itbietsomuonbiandon
2026-08-18 02:25:42,220 | INFO | Đã gửi DM thành công cho itbietsomuonbiandon
2026-08-18 02:25:43,686 | INFO | Đã gửi DM thành công cho itbietsomuonbiandon
2026-08-18 02:25:47,556 | INFO | Đã gửi DM thành công cho itbietsomuonbiandon
2026-08-18 02:25:49,047 | INFO | Đã gửi DM thành công cho itbietsomuonbiandon
2026-08-18 02:25:50,540 | INFO | Đã gửi DM thành công cho itbietsomuonbiandon
2026-08-18 02:25:52,063 | INFO | Đã gửi DM thành công cho itbietsomuonbiandon
2026-08-18 02:25:53,509 | INFO | Đã gửi DM thành công cho itbietsomuonbiandon
2026-08-18 02:25:54,972 | INFO | Đã gửi DM thành công cho itbietsomuonbiandon
2026-08-18 02:25:56,398 | INFO | Đã gửi DM thành công cho itbietsomuonbiandon
2026-08-18 02:25:57,990 | INFO | Đã gửi DM thành công cho itbietsomuonbiandon
2026-08-18 02:25:59,399 | INFO | Đã gửi DM thành công cho itbietsomuonbiandon
2026-08-18 02:26:00,826 | INFO | Đã gửi DM thành công cho itbietsomuonbiandon
2026-08-18 02:26:02,365 | INFO | Đã gửi DM thành công cho itbietsomuonbiandon
2026-08-18 02:26:03,842 | INFO | Đã gửi DM thành công cho itbietsomuonbiandon
2026-08-18 02:26:05,306 | INFO | Đã gửi DM thành công cho itbietsomuonbiandon
2026-08-18 02:26:06,747 | INFO | Đã gửi DM thành công cho itbietsomuonbiandon
2026-08-18 02:26:08,427 | INFO | Đã gửi DM thành công cho itbietsomuonbiandon
2026-08-18 02:26:10,075 | INFO | Đã gửi DM thành công cho itbietsomuonbiandon
2026-08-18 02:26:11,492 | INFO | Đã gửi DM thành công cho itbietsomuonbiandon
2026-08-18 02:26:13,002 | INFO | Đã gửi DM thành công cho itbietsomuonbiandon
2026-08-18 02:26:14,418 | INFO | Đã gửi DM thành công cho itbietsomuonbiandon
2026-08-18 02:26:16,051 | INFO | Đã gửi DM thành công cho itbietsomuonbiandon
2026-08-18 02:26:17,556 | INFO | Đã gửi DM thành công cho itbietsomuonbiandon
2026-08-18 02:26:18,982 | INFO | Đã gửi DM thành công cho itbietsomuonbiandon
2026-08-18 02:26:20,390 | INFO | Đã gửi DM thành công cho itbietsomuonbiandon
2026-08-18 02:26:21,845 | INFO | Đã gửi DM thành công cho itbietsomuonbiandon
2026-08-18 02:26:23,359 | INFO | Đã gửi DM thành công cho itbietsomuonbiandon
2026-08-18 02:26:23,636 | INFO | [MESSAGE] boweiiday | CT   Thduy X NgGin? | #𝑚𝑎𝑖𝑛-𝑐ℎ𝑎𝑡 | 
2026-08-18 02:26:24,780 | INFO | Đã gửi DM thành công cho itbietsomuonbiandon
2026-08-18 02:26:26,226 | INFO | [MESSAGE] boweiiday | CT   Thduy X NgGin? | #𝑚𝑎𝑖𝑛-𝑐ℎ𝑎𝑡 | 
2026-08-18 02:26:26,273 | INFO | Đã gửi DM thành công cho itbietsomuonbiandon
2026-08-18 02:26:28,167 | INFO | Đã gửi DM thành công cho itbietsomuonbiandon
2026-08-18 02:26:29,894 | INFO | Đã gửi DM thành công cho itbietsomuonbiandon
2026-08-18 02:26:31,556 | INFO | Đã gửi DM thành công cho itbietsomuonbiandon
2026-08-18 02:26:32,997 | INFO | Đã gửi DM thành công cho itbietsomuonbiandon
2026-08-18 02:26:34,490 | INFO | Đã gửi DM thành công cho itbietsomuonbiandon
2026-08-18 02:26:35,923 | INFO | Đã gửi DM thành công cho itbietsomuonbiandon
2026-08-18 02:26:37,437 | INFO | Đã gửi DM thành công cho itbietsomuonbiandon
2026-08-18 02:26:38,901 | INFO | Đã gửi DM thành công cho itbietsomuonbiandon
2026-08-18 02:26:40,394 | INFO | Đã gửi DM thành công cho itbietsomuonbiandon
2026-08-18 02:26:42,056 | INFO | Đã gửi DM thành công cho itbietsomuonbiandon
2026-08-18 02:26:43,651 | INFO | Đã gửi DM thành công cho itbietsomuonbiandon
2026-08-18 02:26:48,016 | INFO | Đã gửi DM thành công cho itbietsomuonbiandon
2026-08-18 02:26:49,593 | INFO | Đã gửi DM thành công cho itbietsomuonbiandon
2026-08-18 02:26:50,219 | INFO | Bắt đầu spam DM cho conan9395 (ID: 781143959555538974) mỗi 1.0s
2026-08-18 02:26:51,024 | INFO | Đã gửi DM thành công cho itbietsomuonbiandon
2026-08-18 02:26:51,748 | WARNING | Không thể gửi DM cho conan9395 (ID: 781143959555538974) - Bot bị chặn hoặc người dùng đóng DM.
2026-08-18 02:26:52,566 | INFO | Đã gửi DM thành công cho itbietsomuonbiandon
2026-08-18 02:26:53,970 | INFO | [MESSAGE] hieu0182. | CT   Thduy X NgGin? | #𝑚𝑎𝑖𝑛-𝑐ℎ𝑎𝑡 | 
2026-08-18 02:26:54,045 | INFO | Đã gửi DM thành công cho itbietsomuonbiandon
2026-08-18 02:26:55,418 | INFO | Đã gửi DM thành công cho itbietsomuonbiandon
2026-08-18 02:26:56,376 | INFO | [MESSAGE] hieu0182. | CT   Thduy X NgGin? | #𝑚𝑎𝑖𝑛-𝑐ℎ𝑎𝑡 | 
2026-08-18 02:26:57,048 | INFO | Đã gửi DM thành công cho itbietsomuonbiandon
2026-08-18 02:26:58,557 | INFO | [MESSAGE] boweiiday | CT   Thduy X NgGin? | #𝑚𝑎𝑖𝑛-𝑐ℎ𝑎𝑡 | 
2026-08-18 02:26:58,650 | INFO | Đã gửi DM thành công cho itbietsomuonbiandon
2026-08-18 02:27:00,169 | INFO | Đã gửi DM thành công cho itbietsomuonbiandon
2026-08-18 02:27:01,366 | INFO | [MESSAGE] hieu0182. | CT   Thduy X NgGin? | #𝑚𝑎𝑖𝑛-𝑐ℎ𝑎𝑡 | 
2026-08-18 02:27:01,634 | INFO | Đã gửi DM thành công cho itbietsomuonbiandon
2026-08-18 02:27:03,079 | INFO | Đã gửi DM thành công cho itbietsomuonbiandon
2026-08-18 02:27:04,846 | INFO | Đã gửi DM thành công cho itbietsomuonbiandon
2026-08-18 02:27:05,212 | INFO | [MESSAGE] hieu0182. | CT   Thduy X NgGin? | #𝑚𝑎𝑖𝑛-𝑐ℎ𝑎𝑡 | 
2026-08-18 02:27:06,476 | INFO | Đã gửi DM thành công cho itbietsomuonbiandon
2026-08-18 02:27:07,827 | INFO | [MESSAGE] hieu0182. | CT   Thduy X NgGin? | #𝑚𝑎𝑖𝑛-𝑐ℎ𝑎𝑡 | 
2026-08-18 02:27:07,993 | INFO | Đã gửi DM thành công cho itbietsomuonbiandon
2026-08-18 02:27:09,447 | INFO | Đã gửi DM thành công cho itbietsomuonbiandon
2026-08-18 02:27:10,911 | INFO | Đã gửi DM thành công cho itbietsomuonbiandon
2026-08-18 02:27:12,368 | INFO | Đã gửi DM thành công cho itbietsomuonbiandon
2026-08-18 02:27:13,873 | INFO | Đã gửi DM thành công cho itbietsomuonbiandon
2026-08-18 02:27:15,298 | INFO | Đã gửi DM thành công cho itbietsomuonbiandon
2026-08-18 02:27:16,733 | INFO | Đã gửi DM thành công cho itbietsomuonbiandon
2026-08-18 02:27:18,352 | INFO | Đã gửi DM thành công cho itbietsomuonbiandon
2026-08-18 02:27:19,892 | INFO | Đã gửi DM thành công cho itbietsomuonbiandon
2026-08-18 02:27:19,896 | INFO | [MESSAGE] hieu0182. | CT   Thduy X NgGin? | #𝑚𝑎𝑖𝑛-𝑐ℎ𝑎𝑡 | 
2026-08-18 02:27:21,217 | INFO | [MESSAGE] boweiiday | CT   Thduy X NgGin? | #𝑚𝑎𝑖𝑛-𝑐ℎ𝑎𝑡 | 
2026-08-18 02:27:21,264 | INFO | Đã gửi DM thành công cho itbietsomuonbiandon
2026-08-18 02:27:22,686 | INFO | Đã gửi DM thành công cho itbietsomuonbiandon
2026-08-18 02:27:24,150 | INFO | Đã gửi DM thành công cho itbietsomuonbiandon
2026-08-18 02:27:25,890 | INFO | Đã gửi DM thành công cho itbietsomuonbiandon
2026-08-18 02:27:27,294 | INFO | Đã gửi DM thành công cho itbietsomuonbiandon
2026-08-18 02:27:29,075 | INFO | Đã gửi DM thành công cho itbietsomuonbiandon
2026-08-18 02:27:29,565 | INFO | [MESSAGE] boweiiday | CT   Thduy X NgGin? | #𝑚𝑎𝑖𝑛-𝑐ℎ𝑎𝑡 | 
2026-08-18 02:27:30,464 | INFO | Đã gửi DM thành công cho itbietsomuonbiandon
2026-08-18 02:27:31,947 | INFO | Đã gửi DM thành công cho itbietsomuonbiandon
2026-08-18 02:27:33,813 | INFO | Đã gửi DM thành công cho itbietsomuonbiandon
2026-08-18 02:27:35,285 | INFO | Đã gửi DM thành công cho itbietsomuonbiandon
2026-08-18 02:27:35,365 | INFO | [MESSAGE] hieu0182. | CT   Thduy X NgGin? | #𝑚𝑎𝑖𝑛-𝑐ℎ𝑎𝑡 | 
2026-08-18 02:27:36,951 | INFO | Đã gửi DM thành công cho itbietsomuonbiandon
2026-08-18 02:27:38,157 | INFO | [MESSAGE] hieu0182. | CT   Thduy X NgGin? | #𝑚𝑎𝑖𝑛-𝑐ℎ𝑎𝑡 | 
2026-08-18 02:27:38,444 | INFO | Đã gửi DM thành công cho itbietsomuonbiandon
2026-08-18 02:27:39,943 | INFO | Đã gửi DM thành công cho itbietsomuonbiandon
2026-08-18 02:27:41,395 | INFO | Đã gửi DM thành công cho itbietsomuonbiandon
2026-08-18 02:27:42,854 | INFO | Đã gửi DM thành công cho itbietsomuonbiandon
2026-08-18 02:27:44,277 | INFO | Đã gửi DM thành công cho itbietsomuonbiandon
2026-08-18 02:27:45,109 | INFO | [MESSAGE] hieu0182. | CT   Thduy X NgGin? | #𝑚𝑎𝑖𝑛-𝑐ℎ𝑎𝑡 | 
2026-08-18 02:27:45,775 | INFO | Đã gửi DM thành công cho itbietsomuonbiandon
2026-08-18 02:27:46,963 | INFO | [MESSAGE] hieu0182. | CT   Thduy X NgGin? | #𝑚𝑎𝑖𝑛-𝑐ℎ𝑎𝑡 | 
2026-08-18 02:27:47,277 | INFO | Đã gửi DM thành công cho itbietsomuonbiandon
2026-08-18 02:27:48,703 | INFO | Đã gửi DM thành công cho itbietsomuonbiandon
2026-08-18 02:27:50,145 | INFO | Đã gửi DM thành công cho itbietsomuonbiandon
2026-08-18 02:27:51,587 | INFO | Đã gửi DM thành công cho itbietsomuonbiandon
2026-08-18 02:27:53,046 | INFO | Đã gửi DM thành công cho itbietsomuonbiandon
2026-08-18 02:27:55,650 | INFO | Đã gửi DM thành công cho itbietsomuonbiandon
2026-08-18 02:27:56,142 | INFO | [MESSAGE] boweiiday | CT   Thduy X NgGin? | #𝑚𝑎𝑖𝑛-𝑐ℎ𝑎𝑡 | 
2026-08-18 02:27:57,092 | INFO | Đã gửi DM thành công cho itbietsomuonbiandon
2026-08-18 02:27:58,155 | INFO | [MESSAGE] boweiiday | CT   Thduy X NgGin? | #𝑚𝑎𝑖𝑛-𝑐ℎ𝑎𝑡 | 
2026-08-18 02:27:58,497 | INFO | Đã gửi DM thành công cho itbietsomuonbiandon
2026-08-18 02:27:59,772 | INFO | [MESSAGE] boweiiday | CT   Thduy X NgGin? | #𝑚𝑎𝑖𝑛-𝑐ℎ𝑎𝑡 | 
2026-08-18 02:27:59,899 | INFO | Đã gửi DM thành công cho itbietsomuonbiandon
2026-08-18 02:28:00,333 | INFO | [MESSAGE] hieu0182. | CT   Thduy X NgGin? | #𝑚𝑎𝑖𝑛-𝑐ℎ𝑎𝑡 | 
2026-08-18 02:28:01,400 | INFO | Đã gửi DM thành công cho itbietsomuonbiandon
2026-08-18 02:28:02,917 | INFO | Đã gửi DM thành công cho itbietsomuonbiandon
2026-08-18 02:28:04,350 | INFO | Đã gửi DM thành công cho itbietsomuonbiandon
2026-08-18 02:28:04,461 | INFO | [MESSAGE] boweiiday | CT   Thduy X NgGin? | #𝑚𝑎𝑖𝑛-𝑐ℎ𝑎𝑡 | 
2026-08-18 02:28:05,833 | INFO | Đã gửi DM thành công cho itbietsomuonbiandon
2026-08-18 02:28:07,135 | INFO | [MESSAGE] hieu0182. | CT   Thduy X NgGin? | #𝑚𝑎𝑖𝑛-𝑐ℎ𝑎𝑡 | 
2026-08-18 02:28:07,166 | INFO | [MESSAGE] boweiiday | CT   Thduy X NgGin? | #𝑚𝑎𝑖𝑛-𝑐ℎ𝑎𝑡 | 
2026-08-18 02:28:07,303 | INFO | Đã gửi DM thành công cho itbietsomuonbiandon
2026-08-18 02:28:08,693 | INFO | Đã gửi DM thành công cho itbietsomuonbiandon
2026-08-18 02:28:10,298 | INFO | Đã gửi DM thành công cho itbietsomuonbiandon
2026-08-18 02:28:11,680 | INFO | Đã gửi DM thành công cho itbietsomuonbiandon
2026-08-18 02:28:13,174 | INFO | Đã gửi DM thành công cho itbietsomuonbiandon
2026-08-18 02:28:13,780 | INFO | [MESSAGE] hieu0182. | CT   Thduy X NgGin? | #𝑚𝑎𝑖𝑛-𝑐ℎ𝑎𝑡 | 
2026-08-18 02:28:14,573 | INFO | [MESSAGE] hieu0182. | CT   Thduy X NgGin? | #𝑚𝑎𝑖𝑛-𝑐ℎ𝑎𝑡 | 
2026-08-18 02:28:14,770 | INFO | Đã gửi DM thành công cho itbietsomuonbiandon
2026-08-18 02:28:16,360 | INFO | Đã gửi DM thành công cho itbietsomuonbiandon
2026-08-18 02:28:18,144 | INFO | Đã gửi DM thành công cho itbietsomuonbiandon
2026-08-18 02:28:19,604 | INFO | Đã gửi DM thành công cho itbietsomuonbiandon
2026-08-18 02:28:21,191 | INFO | Đã gửi DM thành công cho itbietsomuonbiandon
2026-08-18 02:28:22,621 | INFO | Đã gửi DM thành công cho itbietsomuonbiandon
2026-08-18 02:28:24,203 | INFO | Đã gửi DM thành công cho itbietsomuonbiandon
2026-08-18 02:28:25,629 | INFO | Đã gửi DM thành công cho itbietsomuonbiandon
2026-08-18 02:28:27,017 | INFO | Đã gửi DM thành công cho itbietsomuonbiandon
2026-08-18 02:28:28,498 | INFO | Đã gửi DM thành công cho itbietsomuonbiandon
2026-08-18 02:28:30,058 | INFO | Đã gửi DM thành công cho itbietsomuonbiandon
2026-08-18 02:28:31,521 | INFO | Đã gửi DM thành công cho itbietsomuonbiandon
2026-08-18 02:28:33,090 | INFO | Đã gửi DM thành công cho itbietsomuonbiandon
2026-08-18 02:28:34,566 | INFO | Đã gửi DM thành công cho itbietsomuonbiandon
2026-08-18 02:28:34,771 | INFO | [MESSAGE] boweiiday | CT   Thduy X NgGin? | #𝑚𝑎𝑖𝑛-𝑐ℎ𝑎𝑡 | 
2026-08-18 02:28:35,979 | INFO | Đã gửi DM thành công cho itbietsomuonbiandon
2026-08-18 02:28:36,557 | INFO | [MESSAGE] boweiiday | CT   Thduy X NgGin? | #𝑚𝑎𝑖𝑛-𝑐ℎ𝑎𝑡 | 
2026-08-18 02:28:37,521 | INFO | Đã gửi DM thành công cho itbietsomuonbiandon
2026-08-18 02:28:38,859 | INFO | [MESSAGE] hieu0182. | CT   Thduy X NgGin? | #𝑚𝑎𝑖𝑛-𝑐ℎ𝑎𝑡 | 
2026-08-18 02:28:38,987 | INFO | Đã gửi DM thành công cho itbietsomuonbiandon
2026-08-18 02:28:40,429 | INFO | Đã gửi DM thành công cho itbietsomuonbiandon
2026-08-18 02:28:41,232 | INFO | [MESSAGE] hieu0182. | CT   Thduy X NgGin? | #𝑚𝑎𝑖𝑛-𝑐ℎ𝑎𝑡 | 
2026-08-18 02:28:41,921 | INFO | Đã gửi DM thành công cho itbietsomuonbiandon
2026-08-18 02:28:43,357 | INFO | Đã gửi DM thành công cho itbietsomuonbiandon
2026-08-18 02:28:44,743 | INFO | Đã gửi DM thành công cho itbietsomuonbiandon
2026-08-18 02:28:46,169 | INFO | [MESSAGE] boweiiday | CT   Thduy X NgGin? | #𝑚𝑎𝑖𝑛-𝑐ℎ𝑎𝑡 | 
2026-08-18 02:28:46,240 | INFO | Đã gửi DM thành công cho itbietsomuonbiandon
2026-08-18 02:28:47,968 | INFO | Đã gửi DM thành công cho itbietsomuonbiandon
2026-08-18 02:28:48,943 | INFO | [MESSAGE] boweiiday | CT   Thduy X NgGin? | #𝑚𝑎𝑖𝑛-𝑐ℎ𝑎𝑡 | 
2026-08-18 02:28:49,467 | INFO | Đã gửi DM thành công cho itbietsomuonbiandon
2026-08-18 02:28:50,880 | INFO | Đã gửi DM thành công cho itbietsomuonbiandon
2026-08-18 02:28:52,762 | INFO | Đã gửi DM thành công cho itbietsomuonbiandon
2026-08-18 02:28:54,332 | INFO | Đã gửi DM thành công cho itbietsomuonbiandon
2026-08-18 02:28:55,039 | INFO | [MESSAGE] hieu0182. | CT   Thduy X NgGin? | #𝑚𝑎𝑖𝑛-𝑐ℎ𝑎𝑡 | 
2026-08-18 02:28:55,806 | INFO | Đã gửi DM thành công cho itbietsomuonbiandon
2026-08-18 02:28:57,325 | INFO | Đã gửi DM thành công cho itbietsomuonbiandon
2026-08-18 02:28:58,955 | INFO | Đã gửi DM thành công cho itbietsomuonbiandon
2026-08-18 02:29:00,392 | INFO | Đã gửi DM thành công cho itbietsomuonbiandon
2026-08-18 02:29:01,837 | INFO | Đã gửi DM thành công cho itbietsomuonbiandon
2026-08-18 02:29:03,283 | INFO | Đã gửi DM thành công cho itbietsomuonbiandon
2026-08-18 02:29:04,987 | INFO | Đã gửi DM thành công cho itbietsomuonbiandon
2026-08-18 02:29:06,997 | INFO | Đã gửi DM thành công cho itbietsomuonbiandon
2026-08-18 02:29:08,544 | INFO | Đã gửi DM thành công cho itbietsomuonbiandon
2026-08-18 02:29:10,498 | INFO | Đã gửi DM thành công cho itbietsomuonbiandon
2026-08-18 02:29:11,615 | INFO | Bắt đầu spam DM cho phamvietkhanh. (ID: 1482400888332095581) mỗi 1.0s
2026-08-18 02:29:12,120 | WARNING | Không thể gửi DM cho phamvietkhanh. (ID: 1482400888332095581) - Bot bị chặn hoặc người dùng đóng DM.
2026-08-18 02:29:12,478 | INFO | Đã gửi DM thành công cho itbietsomuonbiandon
2026-08-18 02:29:13,892 | INFO | Đã gửi DM thành công cho itbietsomuonbiandon
2026-08-18 02:29:15,322 | INFO | Đã gửi DM thành công cho itbietsomuonbiandon
2026-08-18 02:29:16,712 | INFO | Đã gửi DM thành công cho itbietsomuonbiandon
2026-08-18 02:29:18,155 | INFO | Đã gửi DM thành công cho itbietsomuonbiandon
2026-08-18 02:29:18,360 | INFO | [MESSAGE] hieu0182. | CT   Thduy X NgGin? | #𝑚𝑎𝑖𝑛-𝑐ℎ𝑎𝑡 | 
2026-08-18 02:29:19,653 | INFO | Đã gửi DM thành công cho itbietsomuonbiandon
2026-08-18 02:29:21,060 | INFO | Đã gửi DM thành công cho itbietsomuonbiandon
2026-08-18 02:29:22,645 | INFO | Đã gửi DM thành công cho itbietsomuonbiandon
2026-08-18 02:29:23,879 | INFO | [MESSAGE] boweiiday | CT   Thduy X NgGin? | #𝑚𝑎𝑖𝑛-𝑐ℎ𝑎𝑡 | 
2026-08-18 02:29:24,356 | INFO | Đã gửi DM thành công cho itbietsomuonbiandon
2026-08-18 02:29:25,807 | INFO | Đã gửi DM thành công cho itbietsomuonbiandon
2026-08-18 02:29:27,232 | INFO | [MESSAGE] hieu0182. | CT   Thduy X NgGin? | #𝑚𝑎𝑖𝑛-𝑐ℎ𝑎𝑡 | 
2026-08-18 02:29:27,755 | INFO | Đã gửi DM thành công cho itbietsomuonbiandon
2026-08-18 02:29:29,189 | INFO | Đã gửi DM thành công cho itbietsomuonbiandon
2026-08-18 02:29:30,760 | INFO | Đã gửi DM thành công cho itbietsomuonbiandon
2026-08-18 02:29:32,535 | INFO | Đã gửi DM thành công cho itbietsomuonbiandon
2026-08-18 02:29:33,997 | INFO | Đã gửi DM thành công cho itbietsomuonbiandon
2026-08-18 02:29:35,440 | INFO | Đã gửi DM thành công cho itbietsomuonbiandon
2026-08-18 02:29:36,938 | INFO | Đã gửi DM thành công cho itbietsomuonbiandon
2026-08-18 02:29:37,452 | INFO | [MESSAGE] boweiiday | CT   Thduy X NgGin? | #𝑚𝑎𝑖𝑛-𝑐ℎ𝑎𝑡 | 
2026-08-18 02:29:37,521 | INFO | [MESSAGE] hieu0182. | CT   Thduy X NgGin? | #𝑚𝑎𝑖𝑛-𝑐ℎ𝑎𝑡 | 
2026-08-18 02:29:38,451 | INFO | Đã gửi DM thành công cho itbietsomuonbiandon
2026-08-18 02:29:40,160 | INFO | Đã gửi DM thành công cho itbietsomuonbiandon
2026-08-18 02:29:40,418 | INFO | [MESSAGE] hieu0182. | CT   Thduy X NgGin? | #𝑚𝑎𝑖𝑛-𝑐ℎ𝑎𝑡 | 
2026-08-18 02:29:41,615 | INFO | Đã gửi DM thành công cho itbietsomuonbiandon
2026-08-18 02:29:43,195 | INFO | Đã gửi DM thành công cho itbietsomuonbiandon
2026-08-18 02:29:44,061 | INFO | [MESSAGE] hieu0182. | CT   Thduy X NgGin? | #𝑚𝑎𝑖𝑛-𝑐ℎ𝑎𝑡 | 
2026-08-18 02:29:44,589 | INFO | Đã gửi DM thành công cho itbietsomuonbiandon
2026-08-18 02:29:46,054 | INFO | Đã gửi DM thành công cho itbietsomuonbiandon
2026-08-18 02:29:47,509 | INFO | Đã gửi DM thành công cho itbietsomuonbiandon
2026-08-18 02:29:48,930 | INFO | Đã gửi DM thành công cho itbietsomuonbiandon
2026-08-18 02:29:50,358 | INFO | Đã gửi DM thành công cho itbietsomuonbiandon
2026-08-18 02:29:51,884 | INFO | Đã gửi DM thành công cho itbietsomuonbiandon
2026-08-18 02:29:53,356 | INFO | Đã gửi DM thành công cho itbietsomuonbiandon
2026-08-18 02:29:54,048 | INFO | [MESSAGE] boweiiday | CT   Thduy X NgGin? | #𝑚𝑎𝑖𝑛-𝑐ℎ𝑎𝑡 | 
2026-08-18 02:29:54,754 | INFO | Đã gửi DM thành công cho itbietsomuonbiandon
2026-08-18 02:29:56,217 | INFO | Đã gửi DM thành công cho itbietsomuonbiandon
2026-08-18 02:29:57,609 | INFO | Đã gửi DM thành công cho itbietsomuonbiandon
2026-08-18 02:29:59,035 | INFO | Đã gửi DM thành công cho itbietsomuonbiandon
2026-08-18 02:30:00,591 | INFO | Đã gửi DM thành công cho itbietsomuonbiandon
2026-08-18 02:30:02,183 | INFO | [MESSAGE] boweiiday | CT   Thduy X NgGin? | #𝑚𝑎𝑖𝑛-𝑐ℎ𝑎𝑡 | 
2026-08-18 02:30:02,306 | INFO | Đã gửi DM thành công cho itbietsomuonbiandon
2026-08-18 02:30:03,781 | INFO | Đã gửi DM thành công cho itbietsomuonbiandon
2026-08-18 02:30:04,055 | INFO | [MESSAGE] hieu0182. | CT   Thduy X NgGin? | #𝑚𝑎𝑖𝑛-𝑐ℎ𝑎𝑡 | 
2026-08-18 02:30:04,149 | INFO | [MESSAGE] boweiiday | CT   Thduy X NgGin? | #𝑚𝑎𝑖𝑛-𝑐ℎ𝑎𝑡 | 
2026-08-18 02:30:05,802 | INFO | Đã gửi DM thành công cho itbietsomuonbiandon
2026-08-18 02:30:07,191 | INFO | Đã gửi DM thành công cho itbietsomuonbiandon
2026-08-18 02:30:08,744 | INFO | Đã gửi DM thành công cho itbietsomuonbiandon
2026-08-18 02:30:10,288 | INFO | Đã gửi DM thành công cho itbietsomuonbiandon
2026-08-18 02:30:11,633 | INFO | Bắt đầu spam DM cho sal_salmon (ID: 639381379070558208) mỗi 1.0s
2026-08-18 02:30:11,850 | INFO | Đã gửi DM thành công cho itbietsomuonbiandon
2026-08-18 02:30:12,786 | WARNING | Không thể gửi DM cho sal_salmon (ID: 639381379070558208) - Bot bị chặn hoặc người dùng đóng DM.
2026-08-18 02:30:13,740 | INFO | Đã gửi DM thành công cho itbietsomuonbiandon
2026-08-18 02:30:15,179 | INFO | Đã gửi DM thành công cho itbietsomuonbiandon
2026-08-18 02:30:16,639 | INFO | Đã gửi DM thành công cho itbietsomuonbiandon
2026-08-18 02:30:18,100 | INFO | Đã gửi DM thành công cho itbietsomuonbiandon
2026-08-18 02:30:19,700 | INFO | Đã gửi DM thành công cho itbietsomuonbiandon
2026-08-18 02:30:21,683 | INFO | Đã gửi DM thành công cho itbietsomuonbiandon
2026-08-18 02:30:23,111 | INFO | Đã gửi DM thành công cho itbietsomuonbiandon
2026-08-18 02:30:24,669 | INFO | Đã gửi DM thành công cho itbietsomuonbiandon
2026-08-18 02:30:25,851 | INFO | [MESSAGE] hieu0182. | CT   Thduy X NgGin? | #𝑚𝑎𝑖𝑛-𝑐ℎ𝑎𝑡 | 
2026-08-18 02:30:26,070 | INFO | Đã gửi DM thành công cho itbietsomuonbiandon
2026-08-18 02:30:27,453 | INFO | Đã gửi DM thành công cho itbietsomuonbiandon
2026-08-18 02:30:29,418 | INFO | Đã gửi DM thành công cho itbietsomuonbiandon
2026-08-18 02:30:30,986 | INFO | Đã gửi DM thành công cho itbietsomuonbiandon
2026-08-18 02:30:32,494 | INFO | Đã gửi DM thành công cho itbietsomuonbiandon
2026-08-18 02:30:33,921 | INFO | Đã gửi DM thành công cho itbietsomuonbiandon
2026-08-18 02:30:35,448 | INFO | Đã gửi DM thành công cho itbietsomuonbiandon
2026-08-18 02:30:36,884 | INFO | Đã gửi DM thành công cho itbietsomuonbiandon
2026-08-18 02:30:38,308 | INFO | Đã gửi DM thành công cho itbietsomuonbiandon
2026-08-18 02:30:39,699 | INFO | Đã gửi DM thành công cho itbietsomuonbiandon
2026-08-18 02:30:39,764 | INFO | [MESSAGE] boweiiday | CT   Thduy X NgGin? | #𝑚𝑎𝑖𝑛-𝑐ℎ𝑎𝑡 | 
2026-08-18 02:30:41,096 | INFO | Đã gửi DM thành công cho itbietsomuonbiandon
2026-08-18 02:30:42,606 | INFO | Đã gửi DM thành công cho itbietsomuonbiandon
2026-08-18 02:30:44,365 | INFO | Đã gửi DM thành công cho itbietsomuonbiandon
2026-08-18 02:30:45,832 | INFO | Đã gửi DM thành công cho itbietsomuonbiandon
2026-08-18 02:30:47,277 | INFO | Đã gửi DM thành công cho itbietsomuonbiandon
2026-08-18 02:30:48,679 | INFO | Đã gửi DM thành công cho itbietsomuonbiandon
2026-08-18 02:30:50,245 | INFO | Đã gửi DM thành công cho itbietsomuonbiandon
2026-08-18 02:30:51,664 | INFO | Đã gửi DM thành công cho itbietsomuonbiandon
2026-08-18 02:30:53,077 | INFO | Đã gửi DM thành công cho itbietsomuonbiandon
2026-08-18 02:30:53,406 | INFO | [MESSAGE] hieu0182. | CT   Thduy X NgGin? | #𝑚𝑎𝑖𝑛-𝑐ℎ𝑎𝑡 | 
2026-08-18 02:30:54,898 | INFO | Đã gửi DM thành công cho itbietsomuonbiandon
2026-08-18 02:30:56,293 | INFO | Đã gửi DM thành công cho itbietsomuonbiandon
2026-08-18 02:30:57,799 | INFO | Đã gửi DM thành công cho itbietsomuonbiandon
2026-08-18 02:30:59,293 | INFO | Đã gửi DM thành công cho itbietsomuonbiandon
2026-08-18 02:31:01,349 | INFO | Đã gửi DM thành công cho itbietsomuonbiandon
2026-08-18 02:31:02,891 | INFO | Đã gửi DM thành công cho itbietsomuonbiandon
2026-08-18 02:31:04,459 | INFO | Đã gửi DM thành công cho itbietsomuonbiandon
2026-08-18 02:31:05,861 | INFO | Đã gửi DM thành công cho itbietsomuonbiandon
2026-08-18 02:31:07,232 | INFO | Đã gửi DM thành công cho itbietsomuonbiandon
2026-08-18 02:31:08,616 | INFO | Đã gửi DM thành công cho itbietsomuonbiandon
2026-08-18 02:31:10,033 | INFO | Đã gửi DM thành công cho itbietsomuonbiandon
2026-08-18 02:31:11,538 | INFO | Đã gửi DM thành công cho itbietsomuonbiandon
2026-08-18 02:31:13,004 | INFO | Đã gửi DM thành công cho itbietsomuonbiandon
2026-08-18 02:31:14,444 | INFO | Đã gửi DM thành công cho itbietsomuonbiandon
2026-08-18 02:31:15,896 | INFO | Đã gửi DM thành công cho itbietsomuonbiandon
2026-08-18 02:31:17,489 | INFO | Đã gửi DM thành công cho itbietsomuonbiandon
2026-08-18 02:31:18,958 | INFO | Đã gửi DM thành công cho itbietsomuonbiandon
2026-08-18 02:31:20,353 | INFO | Đã gửi DM thành công cho itbietsomuonbiandon
2026-08-18 02:31:22,409 | INFO | Đã gửi DM thành công cho itbietsomuonbiandon
2026-08-18 02:31:23,423 | INFO | Bắt đầu spam DM cho sal_salmon (ID: 639381379070558208) mỗi 1.0s
2026-08-18 02:31:23,866 | INFO | Đã gửi DM thành công cho itbietsomuonbiandon
2026-08-18 02:31:24,136 | WARNING | Không thể gửi DM cho sal_salmon (ID: 639381379070558208) - Bot bị chặn hoặc người dùng đóng DM.
2026-08-18 02:31:25,354 | INFO | Đã gửi DM thành công cho itbietsomuonbiandon
2026-08-18 02:31:26,752 | INFO | Đã gửi DM thành công cho itbietsomuonbiandon
2026-08-18 02:31:28,192 | INFO | Đã gửi DM thành công cho itbietsomuonbiandon
2026-08-18 02:31:30,016 | INFO | Đã gửi DM thành công cho itbietsomuonbiandon
2026-08-18 02:31:31,423 | INFO | Đã gửi DM thành công cho itbietsomuonbiandon
2026-08-18 02:31:32,855 | INFO | Đã gửi DM thành công cho itbietsomuonbiandon
2026-08-18 02:31:34,358 | INFO | Đã gửi DM thành công cho itbietsomuonbiandon
2026-08-18 02:31:35,918 | INFO | Đã gửi DM thành công cho itbietsomuonbiandon
2026-08-18 02:31:37,316 | INFO | Đã gửi DM thành công cho itbietsomuonbiandon
2026-08-18 02:31:38,725 | INFO | Đã gửi DM thành công cho itbietsomuonbiandon
2026-08-18 02:31:40,657 | INFO | Đã gửi DM thành công cho itbietsomuonbiandon
2026-08-18 02:31:42,067 | INFO | Đã gửi DM thành công cho itbietsomuonbiandon
2026-08-18 02:31:43,693 | INFO | Đã gửi DM thành công cho itbietsomuonbiandon
2026-08-18 02:31:45,089 | INFO | Đã gửi DM thành công cho itbietsomuonbiandon
2026-08-18 02:31:46,558 | INFO | Đã gửi DM thành công cho itbietsomuonbiandon
2026-08-18 02:31:47,971 | INFO | Đã gửi DM thành công cho itbietsomuonbiandon
2026-08-18 02:31:49,439 | INFO | Đã gửi DM thành công cho itbietsomuonbiandon
2026-08-18 02:31:50,908 | INFO | Đã gửi DM thành công cho itbietsomuonbiandon
2026-08-18 02:31:52,681 | INFO | Đã gửi DM thành công cho itbietsomuonbiandon
2026-08-18 02:31:53,084 | INFO | [MESSAGE] boweiiday | CT   Thduy X NgGin? | #𝑚𝑎𝑖𝑛-𝑐ℎ𝑎𝑡 | 
2026-08-18 02:31:54,304 | INFO | Đã gửi DM thành công cho itbietsomuonbiandon
2026-08-18 02:31:55,932 | INFO | Đã gửi DM thành công cho itbietsomuonbiandon
2026-08-18 02:31:58,145 | INFO | Đã gửi DM thành công cho itbietsomuonbiandon
2026-08-18 02:31:59,577 | INFO | Đã gửi DM thành công cho itbietsomuonbiandon
2026-08-18 02:32:01,013 | INFO | Đã gửi DM thành công cho itbietsomuonbiandon
2026-08-18 02:32:02,434 | INFO | Đã gửi DM thành công cho itbietsomuonbiandon
2026-08-18 02:32:03,867 | INFO | Đã gửi DM thành công cho itbietsomuonbiandon
2026-08-18 02:32:04,432 | INFO | [MESSAGE] hieu0182. | CT   Thduy X NgGin? | #𝑚𝑎𝑖𝑛-𝑐ℎ𝑎𝑡 | 
2026-08-18 02:32:05,248 | INFO | Đã gửi DM thành công cho itbietsomuonbiandon
2026-08-18 02:32:06,955 | INFO | Đã gửi DM thành công cho itbietsomuonbiandon
2026-08-18 02:32:08,790 | INFO | Đã gửi DM thành công cho itbietsomuonbiandon
2026-08-18 02:32:10,214 | INFO | Đã gửi DM thành công cho itbietsomuonbiandon
2026-08-18 02:32:11,851 | INFO | Đã gửi DM thành công cho itbietsomuonbiandon
2026-08-18 02:32:13,278 | INFO | Đã gửi DM thành công cho itbietsomuonbiandon
2026-08-18 02:32:14,686 | INFO | Đã gửi DM thành công cho itbietsomuonbiandon
2026-08-18 02:32:16,385 | INFO | Đã gửi DM thành công cho itbietsomuonbiandon
2026-08-18 02:32:17,816 | INFO | Đã gửi DM thành công cho itbietsomuonbiandon
2026-08-18 02:32:19,250 | INFO | Đã gửi DM thành công cho itbietsomuonbiandon
2026-08-18 02:32:20,980 | INFO | Đã gửi DM thành công cho itbietsomuonbiandon
2026-08-18 02:32:22,436 | INFO | Đã gửi DM thành công cho itbietsomuonbiandon
2026-08-18 02:32:23,913 | INFO | Đã gửi DM thành công cho itbietsomuonbiandon
2026-08-18 02:32:25,575 | INFO | Đã gửi DM thành công cho itbietsomuonbiandon
2026-08-18 02:32:27,066 | INFO | Đã gửi DM thành công cho itbietsomuonbiandon
2026-08-18 02:32:28,774 | INFO | Đã gửi DM thành công cho itbietsomuonbiandon
2026-08-18 02:32:30,264 | INFO | Đã gửi DM thành công cho itbietsomuonbiandon
2026-08-18 02:32:31,714 | INFO | Đã gửi DM thành công cho itbietsomuonbiandon
2026-08-18 02:32:33,327 | INFO | Đã gửi DM thành công cho itbietsomuonbiandon
2026-08-18 02:32:34,749 | INFO | Đã gửi DM thành công cho itbietsomuonbiandon
2026-08-18 02:32:36,205 | INFO | Đã gửi DM thành công cho itbietsomuonbiandon
2026-08-18 02:32:37,599 | INFO | Đã gửi DM thành công cho itbietsomuonbiandon
2026-08-18 02:32:39,100 | INFO | Đã gửi DM thành công cho itbietsomuonbiandon
2026-08-18 02:32:40,929 | INFO | Đã gửi DM thành công cho itbietsomuonbiandon
2026-08-18 02:32:42,339 | INFO | Đã gửi DM thành công cho itbietsomuonbiandon
2026-08-18 02:32:42,632 | INFO | Bắt đầu spam DM cho tungtungsahor0280 (ID: 1414431293193846964) mỗi 1.0s
2026-08-18 02:32:43,573 | WARNING | Không thể gửi DM cho tungtungsahor0280 (ID: 1414431293193846964) - Bot bị chặn hoặc người dùng đóng DM.
2026-08-18 02:32:43,712 | INFO | Đã gửi DM thành công cho itbietsomuonbiandon
2026-08-18 02:32:45,148 | INFO | Đã gửi DM thành công cho itbietsomuonbiandon
2026-08-18 02:32:46,559 | INFO | Đã gửi DM thành công cho itbietsomuonbiandon
2026-08-18 02:32:48,100 | INFO | Đã gửi DM thành công cho itbietsomuonbiandon
2026-08-18 02:32:49,532 | INFO | Đã gửi DM thành công cho itbietsomuonbiandon
2026-08-18 02:32:50,976 | INFO | Đã gửi DM thành công cho itbietsomuonbiandon
2026-08-18 02:32:52,650 | INFO | Đã gửi DM thành công cho itbietsomuonbiandon
2026-08-18 02:32:54,056 | INFO | Đã gửi DM thành công cho itbietsomuonbiandon
2026-08-18 02:32:55,568 | INFO | Đã gửi DM thành công cho itbietsomuonbiandon
2026-08-18 02:32:57,146 | INFO | Đã gửi DM thành công cho itbietsomuonbiandon
2026-08-18 02:32:58,749 | INFO | Đã gửi DM thành công cho itbietsomuonbiandon
2026-08-18 02:33:00,245 | INFO | Đã gửi DM thành công cho itbietsomuonbiandon
2026-08-18 02:33:02,013 | INFO | Đã gửi DM thành công cho itbietsomuonbiandon
2026-08-18 02:33:03,506 | INFO | Đã gửi DM thành công cho itbietsomuonbiandon
2026-08-18 02:33:04,918 | INFO | Đã gửi DM thành công cho itbietsomuonbiandon
2026-08-18 02:33:06,355 | INFO | Đã gửi DM thành công cho itbietsomuonbiandon
2026-08-18 02:33:07,812 | INFO | Đã gửi DM thành công cho itbietsomuonbiandon
2026-08-18 02:33:09,284 | INFO | Đã gửi DM thành công cho itbietsomuonbiandon
2026-08-18 02:33:10,673 | INFO | Đã gửi DM thành công cho itbietsomuonbiandon
2026-08-18 02:33:12,200 | INFO | Đã gửi DM thành công cho itbietsomuonbiandon
2026-08-18 02:33:13,725 | INFO | Đã gửi DM thành công cho itbietsomuonbiandon
2026-08-18 02:33:15,184 | INFO | Đã gửi DM thành công cho itbietsomuonbiandon
2026-08-18 02:33:16,723 | INFO | Đã gửi DM thành công cho itbietsomuonbiandon
2026-08-18 02:33:18,122 | INFO | Đã gửi DM thành công cho itbietsomuonbiandon
2026-08-18 02:33:19,575 | INFO | Đã gửi DM thành công cho itbietsomuonbiandon
2026-08-18 02:33:21,027 | INFO | Đã gửi DM thành công cho itbietsomuonbiandon
2026-08-18 02:33:22,092 | INFO | [MESSAGE] hieu0182. | CT   Thduy X NgGin? | #𝑚𝑎𝑖𝑛-𝑐ℎ𝑎𝑡 | 
2026-08-18 02:33:22,498 | INFO | Đã gửi DM thành công cho itbietsomuonbiandon
2026-08-18 02:33:23,939 | INFO | Đã gửi DM thành công cho itbietsomuonbiandon
2026-08-18 02:33:24,974 | INFO | [MESSAGE] hieu0182. | CT   Thduy X NgGin? | #𝑚𝑎𝑖𝑛-𝑐ℎ𝑎𝑡 | 
2026-08-18 02:33:25,427 | INFO | Đã gửi DM thành công cho itbietsomuonbiandon
2026-08-18 02:33:26,820 | INFO | Đã gửi DM thành công cho itbietsomuonbiandon
2026-08-18 02:33:28,234 | INFO | Đã gửi DM thành công cho itbietsomuonbiandon
2026-08-18 02:33:29,625 | INFO | Đã gửi DM thành công cho itbietsomuonbiandon
2026-08-18 02:33:29,763 | INFO | [MESSAGE] hieu0182. | CT   Thduy X NgGin? | #𝑚𝑎𝑖𝑛-𝑐ℎ𝑎𝑡 | 
2026-08-18 02:33:30,383 | INFO | Bắt đầu spam DM cho phamvietkhanh. (ID: 1482400888332095581) mỗi 1.0s
2026-08-18 02:33:30,892 | WARNING | Không thể gửi DM cho phamvietkhanh. (ID: 1482400888332095581) - Bot bị chặn hoặc người dùng đóng DM.
2026-08-18 02:33:31,078 | INFO | Đã gửi DM thành công cho itbietsomuonbiandon
2026-08-18 02:33:32,530 | INFO | Đã gửi DM thành công cho itbietsomuonbiandon
2026-08-18 02:33:34,047 | INFO | Đã gửi DM thành công cho itbietsomuonbiandon
2026-08-18 02:33:35,680 | INFO | Đã gửi DM thành công cho itbietsomuonbiandon
2026-08-18 02:33:37,277 | INFO | Đã gửi DM thành công cho itbietsomuonbiandon
2026-08-18 02:33:37,980 | INFO | [MESSAGE] hieu0182. | CT   Thduy X NgGin? | #𝑚𝑎𝑖𝑛-𝑐ℎ𝑎𝑡 | 
2026-08-18 02:33:38,811 | INFO | Đã gửi DM thành công cho itbietsomuonbiandon
2026-08-18 02:33:40,224 | INFO | Đã gửi DM thành công cho itbietsomuonbiandon
2026-08-18 02:33:40,522 | INFO | [MESSAGE] hieu0182. | CT   Thduy X NgGin? | #𝑚𝑎𝑖𝑛-𝑐ℎ𝑎𝑡 | 
2026-08-18 02:33:41,660 | INFO | Đã gửi DM thành công cho itbietsomuonbiandon
2026-08-18 02:33:43,051 | INFO | Đã gửi DM thành công cho itbietsomuonbiandon
2026-08-18 02:33:44,470 | INFO | Đã gửi DM thành công cho itbietsomuonbiandon
2026-08-18 02:33:45,228 | INFO | [MESSAGE] hieu0182. | CT   Thduy X NgGin? | #𝑚𝑎𝑖𝑛-𝑐ℎ𝑎𝑡 | 
2026-08-18 02:33:46,100 | INFO | Đã gửi DM thành công cho itbietsomuonbiandon
2026-08-18 02:33:47,760 | INFO | Đã gửi DM thành công cho itbietsomuonbiandon
2026-08-18 02:33:48,693 | INFO | [MESSAGE] boweiiday | CT   Thduy X NgGin? | #𝑚𝑎𝑖𝑛-𝑐ℎ𝑎𝑡 | 
2026-08-18 02:33:49,322 | INFO | Đã gửi DM thành công cho itbietsomuonbiandon
2026-08-18 02:33:50,766 | INFO | Đã gửi DM thành công cho itbietsomuonbiandon
2026-08-18 02:33:51,038 | INFO | [MESSAGE] hieu0182. | CT   Thduy X NgGin? | #𝑚𝑎𝑖𝑛-𝑐ℎ𝑎𝑡 | 
2026-08-18 02:33:52,132 | INFO | [MESSAGE] boweiiday | CT   Thduy X NgGin? | #𝑚𝑎𝑖𝑛-𝑐ℎ𝑎𝑡 | 
2026-08-18 02:33:52,226 | INFO | Đã gửi DM thành công cho itbietsomuonbiandon
2026-08-18 02:33:53,637 | INFO | Đã gửi DM thành công cho itbietsomuonbiandon
2026-08-18 02:33:55,261 | INFO | Đã gửi DM thành công cho itbietsomuonbiandon
2026-08-18 02:33:56,678 | INFO | Đã gửi DM thành công cho itbietsomuonbiandon
2026-08-18 02:33:58,202 | INFO | Đã gửi DM thành công cho itbietsomuonbiandon
2026-08-18 02:33:58,297 | INFO | [MESSAGE] hieu0182. | CT   Thduy X NgGin? | #𝑚𝑎𝑖𝑛-𝑐ℎ𝑎𝑡 | 
2026-08-18 02:33:59,796 | INFO | Đã gửi DM thành công cho itbietsomuonbiandon
2026-08-18 02:34:00,260 | INFO | [MESSAGE] boweiiday | CT   Thduy X NgGin? | #𝑚𝑎𝑖𝑛-𝑐ℎ𝑎𝑡 | 
2026-08-18 02:34:01,267 | INFO | Đã gửi DM thành công cho itbietsomuonbiandon
2026-08-18 02:34:02,708 | INFO | Đã gửi DM thành công cho itbietsomuonbiandon
2026-08-18 02:34:04,199 | INFO | Đã gửi DM thành công cho itbietsomuonbiandon
2026-08-18 02:34:05,872 | INFO | Đã gửi DM thành công cho itbietsomuonbiandon
2026-08-18 02:34:07,251 | INFO | Đã gửi DM thành công cho itbietsomuonbiandon
2026-08-18 02:34:08,672 | INFO | Đã gửi DM thành công cho itbietsomuonbiandon
2026-08-18 02:34:09,902 | INFO | [MESSAGE] hieu0182. | CT   Thduy X NgGin? | #𝑚𝑎𝑖𝑛-𝑐ℎ𝑎𝑡 | 
2026-08-18 02:34:10,230 | INFO | Đã gửi DM thành công cho itbietsomuonbiandon
2026-08-18 02:34:11,666 | INFO | Đã gửi DM thành công cho itbietsomuonbiandon
2026-08-18 02:34:13,196 | INFO | Đã gửi DM thành công cho itbietsomuonbiandon
2026-08-18 02:34:14,606 | INFO | Đã gửi DM thành công cho itbietsomuonbiandon
2026-08-18 02:34:16,101 | INFO | Đã gửi DM thành công cho itbietsomuonbiandon
2026-08-18 02:34:18,072 | INFO | Đã gửi DM thành công cho itbietsomuonbiandon
2026-08-18 02:34:19,479 | INFO | Đã gửi DM thành công cho itbietsomuonbiandon
2026-08-18 02:34:21,060 | INFO | Đã gửi DM thành công cho itbietsomuonbiandon
2026-08-18 02:34:22,938 | INFO | Đã gửi DM thành công cho itbietsomuonbiandon
2026-08-18 02:34:24,539 | INFO | Đã gửi DM thành công cho itbietsomuonbiandon
2026-08-18 02:34:25,964 | INFO | Đã gửi DM thành công cho itbietsomuonbiandon
2026-08-18 02:34:27,141 | INFO | Đã Dừng Spam Chat Cho itbietsomuonbiandon
2026-08-18 02:34:27,141 | INFO | Task spam cho itbietsomuonbiandon (ID: 1454316908105961573) đã bị hủy.
2026-08-18 02:34:34,521 | WARNING | We are being rate limited. DELETE https://discord.com/api/v10/channels/1538991640901849179/messages/1538994364892586095 responded with 429. Retrying in 0.39 seconds.
2026-08-18 02:34:36,748 | WARNING | We are being rate limited. DELETE https://discord.com/api/v10/channels/1538991640901849179/messages/1538994352641286274 responded with 429. Retrying in 0.30 seconds.
2026-08-18 02:34:38,592 | WARNING | We are being rate limited. DELETE https://discord.com/api/v10/channels/1538991640901849179/messages/1538994339353468950 responded with 429. Retrying in 0.34 seconds.
2026-08-18 02:34:39,850 | WARNING | We are being rate limited. DELETE https://discord.com/api/v10/channels/1538991640901849179/messages/1538994333468860446 responded with 429. Retrying in 0.30 seconds.
2026-08-18 02:34:41,643 | WARNING | We are being rate limited. DELETE https://discord.com/api/v10/channels/1538991640901849179/messages/1538994320827486299 responded with 429. Retrying in 0.30 seconds.
2026-08-18 02:34:43,824 | WARNING | We are being rate limited. DELETE https://discord.com/api/v10/channels/1538991640901849179/messages/1538994307942453269 responded with 429. Retrying in 0.30 seconds.
2026-08-18 02:34:44,508 | INFO | Bắt đầu spam DM cho cdongtop1_2008 (ID: 1414494355900731412) mỗi 1.0s
2026-08-18 02:34:45,515 | WARNING | Không thể gửi DM cho cdongtop1_2008 (ID: 1414494355900731412) - Bot bị chặn hoặc người dùng đóng DM.
2026-08-18 02:34:45,822 | WARNING | We are being rate limited. DELETE https://discord.com/api/v10/channels/1538991640901849179/messages/1538994295489564803 responded with 429. Retrying in 0.30 seconds.
2026-08-18 02:34:47,571 | WARNING | We are being rate limited. DELETE https://discord.com/api/v10/channels/1538991640901849179/messages/1538994283431067678 responded with 429. Retrying in 0.33 seconds.
2026-08-18 02:34:49,569 | WARNING | We are being rate limited. DELETE https://discord.com/api/v10/channels/1538991640901849179/messages/1538994270260826133 responded with 429. Retrying in 0.34 seconds.
2026-08-18 02:34:50,788 | WARNING | We are being rate limited. DELETE https://discord.com/api/v10/channels/1538991640901849179/messages/1538994263466057789 responded with 429. Retrying in 0.30 seconds.
2026-08-18 02:34:52,667 | WARNING | We are being rate limited. DELETE https://discord.com/api/v10/channels/1538991640901849179/messages/1538994251155644537 responded with 429. Retrying in 0.30 seconds.
2026-08-18 02:34:53,732 | INFO | [MESSAGE] hieu0182. | CT   Thduy X NgGin? | #𝑚𝑎𝑖𝑛-𝑐ℎ𝑎𝑡 | 
2026-08-18 02:34:53,834 | WARNING | We are being rate limited. DELETE https://discord.com/api/v10/channels/1538991640901849179/messages/1538994245195800707 responded with 429. Retrying in 0.30 seconds.
2026-08-18 02:34:55,739 | WARNING | We are being rate limited. DELETE https://discord.com/api/v10/channels/1538991640901849179/messages/1538994233145430127 responded with 429. Retrying in 0.30 seconds.
2026-08-18 02:34:57,557 | INFO | [MESSAGE] hieu0182. | CT   Thduy X NgGin? | #𝑚𝑎𝑖𝑛-𝑐ℎ𝑎𝑡 | 
2026-08-18 02:34:57,629 | WARNING | We are being rate limited. DELETE https://discord.com/api/v10/channels/1538991640901849179/messages/1538994219820257330 responded with 429. Retrying in 0.31 seconds.
2026-08-18 02:34:58,902 | WARNING | We are being rate limited. DELETE https://discord.com/api/v10/channels/1538991640901849179/messages/1538994213042135184 responded with 429. Retrying in 0.30 seconds.
2026-08-18 02:34:59,007 | INFO | [MESSAGE] boweiiday | CT   Thduy X NgGin? | #𝑚𝑎𝑖𝑛-𝑐ℎ𝑎𝑡 | 
2026-08-18 02:35:00,694 | WARNING | We are being rate limited. DELETE https://discord.com/api/v10/channels/1538991640901849179/messages/1538994200669061121 responded with 429. Retrying in 0.30 seconds.
2026-08-18 02:35:01,886 | WARNING | We are being rate limited. DELETE https://discord.com/api/v10/channels/1538991640901849179/messages/1538994194503307266 responded with 429. Retrying in 0.30 seconds.
2026-08-18 02:35:03,734 | WARNING | We are being rate limited. DELETE https://discord.com/api/v10/channels/1538991640901849179/messages/1538994183040270396 responded with 429. Retrying in 0.30 seconds.
2026-08-18 02:35:05,516 | WARNING | We are being rate limited. DELETE https://discord.com/api/v10/channels/1538991640901849179/messages/1538994170927255572 responded with 429. Retrying in 0.39 seconds.
2026-08-18 02:35:07,223 | INFO | [MESSAGE] hieu0182. | CT   Thduy X NgGin? | #𝑚𝑎𝑖𝑛-𝑐ℎ𝑎𝑡 | 
2026-08-18 02:35:07,513 | WARNING | We are being rate limited. DELETE https://discord.com/api/v10/channels/1538991640901849179/messages/1538994158382096496 responded with 429. Retrying in 0.40 seconds.
2026-08-18 02:35:11,602 | INFO | [MESSAGE] boweiiday | CT   Thduy X NgGin? | #𝑚𝑎𝑖𝑛-𝑐ℎ𝑎𝑡 | 
2026-08-18 02:35:15,803 | INFO | [MESSAGE] hieu0182. | CT   Thduy X NgGin? | #𝑚𝑎𝑖𝑛-𝑐ℎ𝑎𝑡 | 
2026-08-18 02:35:17,622 | WARNING | We are being rate limited. DELETE https://discord.com/api/v10/channels/1538991640901849179/messages/1538994097191264388 responded with 429. Retrying in 0.30 seconds.
2026-08-18 02:35:19,633 | WARNING | We are being rate limited. DELETE https://discord.com/api/v10/channels/1538991640901849179/messages/1538994085057273877 responded with 429. Retrying in 0.30 seconds.
2026-08-18 02:35:20,816 | WARNING | We are being rate limited. DELETE https://discord.com/api/v10/channels/1538991640901849179/messages/1538994078564356096 responded with 429. Retrying in 0.30 seconds.
2026-08-18 02:35:22,594 | WARNING | We are being rate limited. DELETE https://discord.com/api/v10/channels/1538991640901849179/messages/1538994064848978041 responded with 429. Retrying in 0.31 seconds.
2026-08-18 02:35:23,841 | WARNING | We are being rate limited. DELETE https://discord.com/api/v10/channels/1538991640901849179/messages/1538994058318446592 responded with 429. Retrying in 0.30 seconds.
2026-08-18 02:35:25,742 | WARNING | We are being rate limited. DELETE https://discord.com/api/v10/channels/1538991640901849179/messages/1538994045609574520 responded with 429. Retrying in 0.30 seconds.
2026-08-18 02:35:28,649 | WARNING | We are being rate limited. DELETE https://discord.com/api/v10/channels/1538991640901849179/messages/1538994026567573514 responded with 429. Retrying in 0.30 seconds.
2026-08-18 02:35:29,879 | WARNING | We are being rate limited. DELETE https://discord.com/api/v10/channels/1538991640901849179/messages/1538994020276113449 responded with 429. Retrying in 0.30 seconds.
2026-08-18 02:35:31,736 | WARNING | We are being rate limited. DELETE https://discord.com/api/v10/channels/1538991640901849179/messages/1538994008229937263 responded with 429. Retrying in 0.30 seconds.
2026-08-18 02:35:33,450 | INFO | [MESSAGE] hieu0182. | CT   Thduy X NgGin? | #𝑚𝑎𝑖𝑛-𝑐ℎ𝑎𝑡 | 
2026-08-18 02:35:33,731 | WARNING | We are being rate limited. DELETE https://discord.com/api/v10/channels/1538991640901849179/messages/1538993996427300874 responded with 429. Retrying in 0.30 seconds.
2026-08-18 02:35:35,664 | WARNING | We are being rate limited. DELETE https://discord.com/api/v10/channels/1538991640901849179/messages/1538993982569324624 responded with 429. Retrying in 0.30 seconds.
2026-08-18 02:35:36,893 | WARNING | We are being rate limited. DELETE https://discord.com/api/v10/channels/1538991640901849179/messages/1538993976638578729 responded with 429. Retrying in 0.30 seconds.
2026-08-18 02:35:37,872 | INFO | [MESSAGE] hieu0182. | CT   Thduy X NgGin? | #𝑚𝑎𝑖𝑛-𝑐ℎ𝑎𝑡 | 
2026-08-18 02:35:38,806 | WARNING | We are being rate limited. DELETE https://discord.com/api/v10/channels/1538991640901849179/messages/1538993964693061703 responded with 429. Retrying in 0.30 seconds.
2026-08-18 02:35:40,602 | WARNING | We are being rate limited. DELETE https://discord.com/api/v10/channels/1538991640901849179/messages/1538993951732801607 responded with 429. Retrying in 0.31 seconds.
2026-08-18 02:35:41,819 | WARNING | We are being rate limited. DELETE https://discord.com/api/v10/channels/1538991640901849179/messages/1538993945680281711 responded with 429. Retrying in 0.30 seconds.
2026-08-18 02:35:43,478 | INFO | [MESSAGE] hieu0182. | CT   Thduy X NgGin? | #𝑚𝑎𝑖𝑛-𝑐ℎ𝑎𝑡 | 
2026-08-18 02:35:43,579 | WARNING | We are being rate limited. DELETE https://discord.com/api/v10/channels/1538991640901849179/messages/1538993932220899471 responded with 429. Retrying in 0.33 seconds.
2026-08-18 02:35:43,584 | INFO | [MESSAGE] boweiiday | CT   Thduy X NgGin? | #𝑚𝑎𝑖𝑛-𝑐ℎ𝑎𝑡 | 
2026-08-18 02:35:44,841 | WARNING | We are being rate limited. DELETE https://discord.com/api/v10/channels/1538991640901849179/messages/1538993925430452296 responded with 429. Retrying in 0.30 seconds.
2026-08-18 02:35:46,653 | WARNING | We are being rate limited. DELETE https://discord.com/api/v10/channels/1538991640901849179/messages/1538993912859987978 responded with 429. Retrying in 0.30 seconds.
2026-08-18 02:35:47,901 | WARNING | We are being rate limited. DELETE https://discord.com/api/v10/channels/1538991640901849179/messages/1538993906274930709 responded with 429. Retrying in 0.30 seconds.
2026-08-18 02:35:49,651 | WARNING | We are being rate limited. DELETE https://discord.com/api/v10/channels/1538991640901849179/messages/1538993893633433641 responded with 429. Retrying in 0.30 seconds.
2026-08-18 02:35:50,857 | WARNING | We are being rate limited. DELETE https://discord.com/api/v10/channels/1538991640901849179/messages/1538993886826074132 responded with 429. Retrying in 0.30 seconds.
2026-08-18 02:35:52,780 | WARNING | We are being rate limited. DELETE https://discord.com/api/v10/channels/1538991640901849179/messages/1538993874238967967 responded with 429. Retrying in 0.30 seconds.
2026-08-18 02:35:53,880 | INFO | [MESSAGE] boweiiday | CT   Thduy X NgGin? | #𝑚𝑎𝑖𝑛-𝑐ℎ𝑎𝑡 | 
2026-08-18 02:35:54,611 | WARNING | We are being rate limited. DELETE https://discord.com/api/v10/channels/1538991640901849179/messages/1538993861714518016 responded with 429. Retrying in 0.30 seconds.
2026-08-18 02:35:56,555 | WARNING | We are being rate limited. DELETE https://discord.com/api/v10/channels/1538991640901849179/messages/1538993847722578051 responded with 429. Retrying in 0.35 seconds.
2026-08-18 02:35:57,833 | WARNING | We are being rate limited. DELETE https://discord.com/api/v10/channels/1538991640901849179/messages/1538993840965550090 responded with 429. Retrying in 0.30 seconds.
2026-08-18 02:35:58,129 | INFO | [MESSAGE] hieu0182. | CT   Thduy X NgGin? | #𝑚𝑎𝑖𝑛-𝑐ℎ𝑎𝑡 | 
2026-08-18 02:35:59,604 | WARNING | We are being rate limited. DELETE https://discord.com/api/v10/channels/1538991640901849179/messages/1538993829066182656 responded with 429. Retrying in 0.32 seconds.
2026-08-18 02:36:00,837 | WARNING | We are being rate limited. DELETE https://discord.com/api/v10/channels/1538991640901849179/messages/1538993822812340317 responded with 429. Retrying in 0.30 seconds.
2026-08-18 02:36:02,729 | WARNING | We are being rate limited. DELETE https://discord.com/api/v10/channels/1538991640901849179/messages/1538993809579315300 responded with 429. Retrying in 0.30 seconds.
2026-08-18 02:36:02,739 | WARNING | We are being rate limited. DELETE https://discord.com/api/v10/channels/1538929386252931082/messages/1538988442908631040 responded with 429. Retrying in 0.30 seconds.
2026-08-18 02:36:04,617 | WARNING | We are being rate limited. DELETE https://discord.com/api/v10/channels/1538929386252931082/messages/1538988430220984361 responded with 429. Retrying in 0.30 seconds.
2026-08-18 02:36:05,888 | WARNING | We are being rate limited. DELETE https://discord.com/api/v10/channels/1538929386252931082/messages/1538988424072269984 responded with 429. Retrying in 0.30 seconds.
2026-08-18 02:36:07,777 | WARNING | We are being rate limited. DELETE https://discord.com/api/v10/channels/1538929386252931082/messages/1538988411342299137 responded with 429. Retrying in 0.30 seconds.
2026-08-18 02:36:09,526 | WARNING | We are being rate limited. DELETE https://discord.com/api/v10/channels/1538929386252931082/messages/1538988396611903581 responded with 429. Retrying in 0.39 seconds.
2026-08-18 02:36:11,490 | WARNING | We are being rate limited. DELETE https://discord.com/api/v10/channels/1538929386252931082/messages/1538988384348020917 responded with 429. Retrying in 0.43 seconds.
2026-08-18 02:36:12,821 | INFO | [MESSAGE] hieu0182. | CT   Thduy X NgGin? | #𝑚𝑎𝑖𝑛-𝑐ℎ𝑎𝑡 | 
2026-08-18 02:36:12,861 | WARNING | We are being rate limited. DELETE https://discord.com/api/v10/channels/1538929386252931082/messages/1538988377607774320 responded with 429. Retrying in 0.30 seconds.
2026-08-18 02:36:14,743 | WARNING | We are being rate limited. DELETE https://discord.com/api/v10/channels/1538929386252931082/messages/1538988365242826872 responded with 429. Retrying in 0.30 seconds.
2026-08-18 02:36:21,824 | WARNING | We are being rate limited. DELETE https://discord.com/api/v10/channels/1538929386252931082/messages/1538988321496113233 responded with 429. Retrying in 0.30 seconds.
2026-08-18 02:36:23,671 | WARNING | We are being rate limited. DELETE https://discord.com/api/v10/channels/1538929386252931082/messages/1538988307885596794 responded with 429. Retrying in 0.30 seconds.
2026-08-18 02:36:23,768 | INFO | [MESSAGE] boweiiday | CT   Thduy X NgGin? | #𝑚𝑎𝑖𝑛-𝑐ℎ𝑎𝑡 | 
2026-08-18 02:36:25,574 | WARNING | We are being rate limited. DELETE https://discord.com/api/v10/channels/1538929386252931082/messages/1538988295336239134 responded with 429. Retrying in 0.34 seconds.
2026-08-18 02:36:26,821 | WARNING | We are being rate limited. DELETE https://discord.com/api/v10/channels/1538929386252931082/messages/1538988289338376243 responded with 429. Retrying in 0.30 seconds.
2026-08-18 02:36:28,085 | INFO | [MESSAGE] hieu0182. | CT   Thduy X NgGin? | #𝑚𝑎𝑖𝑛-𝑐ℎ𝑎𝑡 | 
2026-08-18 02:36:28,665 | WARNING | We are being rate limited. DELETE https://discord.com/api/v10/channels/1538929386252931082/messages/1538988275618811995 responded with 429. Retrying in 0.30 seconds.
2026-08-18 02:36:28,991 | INFO | [MESSAGE] hieu0182. | CT   Thduy X NgGin? | #𝑚𝑎𝑖𝑛-𝑐ℎ𝑎𝑡 | 
2026-08-18 02:36:29,894 | WARNING | We are being rate limited. DELETE https://discord.com/api/v10/channels/1538929386252931082/messages/1538988269780340826 responded with 429. Retrying in 0.30 seconds.
2026-08-18 02:36:31,800 | WARNING | We are being rate limited. DELETE https://discord.com/api/v10/channels/1538929386252931082/messages/1538988257692483594 responded with 429. Retrying in 0.30 seconds.
2026-08-18 02:36:33,566 | WARNING | We are being rate limited. DELETE https://discord.com/api/v10/channels/1538929386252931082/messages/1538988244895531178 responded with 429. Retrying in 0.36 seconds.
2026-08-18 02:36:34,904 | WARNING | We are being rate limited. DELETE https://discord.com/api/v10/channels/1538929386252931082/messages/1538988238201692251 responded with 429. Retrying in 0.30 seconds.
2026-08-18 02:36:36,716 | WARNING | We are being rate limited. DELETE https://discord.com/api/v10/channels/1538929386252931082/messages/1538988224985309296 responded with 429. Retrying in 0.30 seconds.
2026-08-18 02:36:38,521 | WARNING | We are being rate limited. DELETE https://discord.com/api/v10/channels/1538929386252931082/messages/1538988212331094099 responded with 429. Retrying in 0.40 seconds.
2026-08-18 02:36:39,835 | WARNING | We are being rate limited. DELETE https://discord.com/api/v10/channels/1538929386252931082/messages/1538988206182375474 responded with 429. Retrying in 0.30 seconds.
2026-08-18 02:36:41,708 | WARNING | We are being rate limited. DELETE https://discord.com/api/v10/channels/1538929386252931082/messages/1538988194253766756 responded with 429. Retrying in 0.30 seconds.
2026-08-18 02:36:43,584 | WARNING | We are being rate limited. DELETE https://discord.com/api/v10/channels/1538929386252931082/messages/1538988180336812062 responded with 429. Retrying in 0.34 seconds.
2026-08-18 02:36:44,838 | WARNING | We are being rate limited. DELETE https://discord.com/api/v10/channels/1538929386252931082/messages/1538988174053744662 responded with 429. Retrying in 0.30 seconds.
2026-08-18 02:36:46,618 | WARNING | We are being rate limited. DELETE https://discord.com/api/v10/channels/1538929386252931082/messages/1538988160732766319 responded with 429. Retrying in 0.30 seconds.
2026-08-18 02:36:47,914 | WARNING | We are being rate limited. DELETE https://discord.com/api/v10/channels/1538929386252931082/messages/1538988153975611563 responded with 429. Retrying in 0.30 seconds.
2026-08-18 02:36:49,713 | WARNING | We are being rate limited. DELETE https://discord.com/api/v10/channels/1538929386252931082/messages/1538988141745274922 responded with 429. Retrying in 0.30 seconds.
2026-08-18 02:36:51,569 | WARNING | We are being rate limited. DELETE https://discord.com/api/v10/channels/1538929386252931082/messages/1538988127861866526 responded with 429. Retrying in 0.34 seconds.
2026-08-18 02:36:52,840 | WARNING | We are being rate limited. DELETE https://discord.com/api/v10/channels/1538929386252931082/messages/1538988121855889559 responded with 429. Retrying in 0.30 seconds.
2026-08-18 02:36:52,890 | INFO | [MESSAGE] hieu0182. | CT   Thduy X NgGin? | #𝑚𝑎𝑖𝑛-𝑐ℎ𝑎𝑡 | 
2026-08-18 02:36:54,662 | WARNING | We are being rate limited. DELETE https://discord.com/api/v10/channels/1538929386252931082/messages/1538988109008609281 responded with 429. Retrying in 0.30 seconds.
2026-08-18 02:36:56,526 | WARNING | We are being rate limited. DELETE https://discord.com/api/v10/channels/1538929386252931082/messages/1538988096459374713 responded with 429. Retrying in 0.39 seconds.
2026-08-18 02:36:57,812 | WARNING | We are being rate limited. DELETE https://discord.com/api/v10/channels/1538929386252931082/messages/1538988090008404028 responded with 429. Retrying in 0.30 seconds.
2026-08-18 02:36:59,644 | WARNING | We are being rate limited. DELETE https://discord.com/api/v10/channels/1538929386252931082/messages/1538988076418867401 responded with 429. Retrying in 0.30 seconds.
2026-08-18 02:37:00,842 | WARNING | We are being rate limited. DELETE https://discord.com/api/v10/channels/1538929386252931082/messages/1538988069359718420 responded with 429. Retrying in 0.30 seconds.
2026-08-18 02:37:02,810 | WARNING | We are being rate limited. DELETE https://discord.com/api/v10/channels/1538929386252931082/messages/1538988055548133386 responded with 429. Retrying in 0.30 seconds.
2026-08-18 02:37:04,606 | WARNING | We are being rate limited. DELETE https://discord.com/api/v10/channels/1538929386252931082/messages/1538988042843586571 responded with 429. Retrying in 0.30 seconds.
2026-08-18 02:37:05,847 | WARNING | We are being rate limited. DELETE https://discord.com/api/v10/channels/1538929386252931082/messages/1538988037185474640 responded with 429. Retrying in 0.30 seconds.
2026-08-18 02:37:07,661 | WARNING | We are being rate limited. DELETE https://discord.com/api/v10/channels/1538929386252931082/messages/1538988023210049631 responded with 429. Retrying in 0.30 seconds.
2026-08-18 02:37:08,938 | WARNING | We are being rate limited. DELETE https://discord.com/api/v10/channels/1538929386252931082/messages/1538988015844724758 responded with 429. Retrying in 0.30 seconds.
2026-08-18 02:37:10,731 | WARNING | We are being rate limited. DELETE https://discord.com/api/v10/channels/1538929386252931082/messages/1538988002280218705 responded with 429. Retrying in 0.30 seconds.
2026-08-18 02:37:12,560 | WARNING | We are being rate limited. DELETE https://discord.com/api/v10/channels/1538929386252931082/messages/1538987989320073318 responded with 429. Retrying in 0.36 seconds.
2026-08-18 02:37:13,840 | WARNING | We are being rate limited. DELETE https://discord.com/api/v10/channels/1538929386252931082/messages/1538987983112380436 responded with 429. Retrying in 0.30 seconds.
2026-08-18 02:37:15,812 | WARNING | We are being rate limited. DELETE https://discord.com/api/v10/channels/1538929386252931082/messages/1538987970785448047 responded with 429. Retrying in 0.30 seconds.
2026-08-18 02:37:18,706 | WARNING | We are being rate limited. DELETE https://discord.com/api/v10/channels/1538929386252931082/messages/1538987951957221486 responded with 429. Retrying in 0.30 seconds.
2026-08-18 02:37:20,572 | WARNING | We are being rate limited. DELETE https://discord.com/api/v10/channels/1538929386252931082/messages/1538987931824300134 responded with 429. Retrying in 0.33 seconds.
2026-08-18 02:37:22,663 | WARNING | We are being rate limited. DELETE https://discord.com/api/v10/channels/1538929386252931082/messages/1538987918406717471 responded with 429. Retrying in 0.30 seconds.
2026-08-18 02:37:23,839 | WARNING | We are being rate limited. DELETE https://discord.com/api/v10/channels/1538929386252931082/messages/1538987911578517515 responded with 429. Retrying in 0.30 seconds.
2026-08-18 02:37:25,699 | WARNING | We are being rate limited. DELETE https://discord.com/api/v10/channels/1538929386252931082/messages/1538987898852872302 responded with 429. Retrying in 0.30 seconds.
2026-08-18 02:37:26,872 | WARNING | We are being rate limited. DELETE https://discord.com/api/v10/channels/1538929386252931082/messages/1538987892603359272 responded with 429. Retrying in 0.30 seconds.
2026-08-18 02:37:28,789 | WARNING | We are being rate limited. DELETE https://discord.com/api/v10/channels/1538929386252931082/messages/1538987880163057664 responded with 429. Retrying in 0.30 seconds.
2026-08-18 02:37:30,594 | WARNING | We are being rate limited. DELETE https://discord.com/api/v10/channels/1538929386252931082/messages/1538987866619641947 responded with 429. Retrying in 0.31 seconds.
2026-08-18 02:37:35,120 | INFO | Shard ID None has successfully RESUMED session a3fa102691e5800977d2c1be8367f43f.
2026-08-18 02:37:43,476 | INFO | [MESSAGE] hieu0182. | CT   Thduy X NgGin? | #𝑚𝑎𝑖𝑛-𝑐ℎ𝑎𝑡 | 
2026-08-18 02:37:45,048 | INFO | [MESSAGE] hieu0182. | CT   Thduy X NgGin? | #𝑚𝑎𝑖𝑛-𝑐ℎ𝑎𝑡 | 
2026-08-18 02:37:57,722 | INFO | [MESSAGE] hieu0182. | CT   Thduy X NgGin? | #𝑚𝑎𝑖𝑛-𝑐ℎ𝑎𝑡 | 
2026-08-18 02:37:58,085 | INFO | [MESSAGE] boweiiday | CT   Thduy X NgGin? | #𝑚𝑎𝑖𝑛-𝑐ℎ𝑎𝑡 | 
2026-08-18 02:37:58,952 | INFO | [MESSAGE] hieu0182. | CT   Thduy X NgGin? | #𝑚𝑎𝑖𝑛-𝑐ℎ𝑎𝑡 | 
2026-08-18 02:38:05,975 | INFO | [MESSAGE] hieu0182. | CT   Thduy X NgGin? | #𝑚𝑎𝑖𝑛-𝑐ℎ𝑎𝑡 | 
2026-08-18 02:38:12,363 | INFO | [MESSAGE] hieu0182. | CT   Thduy X NgGin? | #𝑚𝑎𝑖𝑛-𝑐ℎ𝑎𝑡 | 
2026-08-18 02:38:15,753 | INFO | [MESSAGE] hieu0182. | CT   Thduy X NgGin? | #𝑚𝑎𝑖𝑛-𝑐ℎ𝑎𝑡 | 
2026-08-18 02:38:15,766 | INFO | [MESSAGE] boweiiday | CT   Thduy X NgGin? | #𝑚𝑎𝑖𝑛-𝑐ℎ𝑎𝑡 | 
2026-08-18 02:38:18,450 | INFO | [MESSAGE] boweiiday | CT   Thduy X NgGin? | #𝑚𝑎𝑖𝑛-𝑐ℎ𝑎𝑡 | 
2026-08-18 02:38:21,927 | INFO | [MESSAGE] hieu0182. | CT   Thduy X NgGin? | #𝑚𝑎𝑖𝑛-𝑐ℎ𝑎𝑡 | 
2026-08-18 02:38:28,867 | INFO | [MESSAGE] hieu0182. | CT   Thduy X NgGin? | #𝑚𝑎𝑖𝑛-𝑐ℎ𝑎𝑡 | 
2026-08-18 02:38:51,145 | INFO | Bắt đầu spam DM cho qgiu_. (ID: 1344813887387865159) mỗi 1.0s
2026-08-18 02:38:52,144 | WARNING | Không thể gửi DM cho qgiu_. (ID: 1344813887387865159) - Bot bị chặn hoặc người dùng đóng DM.
2026-08-18 02:39:00,279 | INFO | [MESSAGE] hieu0182. | CT   Thduy X NgGin? | #𝑚𝑎𝑖𝑛-𝑐ℎ𝑎𝑡 | 
2026-08-18 02:39:01,634 | INFO | [MESSAGE] hieu0182. | CT   Thduy X NgGin? | #𝑚𝑎𝑖𝑛-𝑐ℎ𝑎𝑡 | 
2026-08-18 02:39:09,325 | INFO | [MESSAGE] boweiiday | CT   Thduy X NgGin? | #𝑚𝑎𝑖𝑛-𝑐ℎ𝑎𝑡 | 
2026-08-18 02:39:12,375 | INFO | [MESSAGE] boweiiday | CT   Thduy X NgGin? | #𝑚𝑎𝑖𝑛-𝑐ℎ𝑎𝑡 | 
2026-08-18 02:39:20,637 | INFO | [MESSAGE] hieu0182. | CT   Thduy X NgGin? | #𝑚𝑎𝑖𝑛-𝑐ℎ𝑎𝑡 | 
2026-08-18 02:39:22,757 | INFO | [MESSAGE] hieu0182. | CT   Thduy X NgGin? | #𝑚𝑎𝑖𝑛-𝑐ℎ𝑎𝑡 | 
2026-08-18 02:39:26,658 | INFO | [MESSAGE] boweiiday | CT   Thduy X NgGin? | #𝑚𝑎𝑖𝑛-𝑐ℎ𝑎𝑡 | 
2026-08-18 02:39:30,369 | INFO | [MESSAGE] boweiiday | CT   Thduy X NgGin? | #𝑚𝑎𝑖𝑛-𝑐ℎ𝑎𝑡 | 
2026-08-18 02:39:33,891 | INFO | [MESSAGE] hieu0182. | CT   Thduy X NgGin? | #𝑚𝑎𝑖𝑛-𝑐ℎ𝑎𝑡 | 
2026-08-18 02:39:36,850 | INFO | [MESSAGE] hieu0182. | CT   Thduy X NgGin? | #𝑚𝑎𝑖𝑛-𝑐ℎ𝑎𝑡 | 
2026-08-18 02:40:55,892 | INFO | Bắt đầu spam DM cho bomaylavua0995 (ID: 1511030392101146685) mỗi 1.0s
2026-08-18 02:40:56,745 | INFO | Đã gửi DM thành công cho bomaylavua0995
2026-08-18 02:40:58,328 | INFO | Đã gửi DM thành công cho bomaylavua0995
2026-08-18 02:40:59,774 | INFO | Đã gửi DM thành công cho bomaylavua0995
2026-08-18 02:41:01,166 | INFO | Đã gửi DM thành công cho bomaylavua0995
2026-08-18 02:41:02,616 | INFO | Đã gửi DM thành công cho bomaylavua0995
2026-08-18 02:41:04,094 | INFO | Đã gửi DM thành công cho bomaylavua0995
2026-08-18 02:41:05,564 | INFO | [MESSAGE] hieu0182. | CT   Thduy X NgGin? | #𝑚𝑎𝑖𝑛-𝑐ℎ𝑎𝑡 | 
2026-08-18 02:41:06,308 | INFO | Đã gửi DM thành công cho bomaylavua0995
2026-08-18 02:41:08,079 | INFO | Đã gửi DM thành công cho bomaylavua0995
2026-08-18 02:41:09,499 | INFO | Đã gửi DM thành công cho bomaylavua0995
2026-08-18 02:41:10,940 | INFO | Đã gửi DM thành công cho bomaylavua0995
2026-08-18 02:41:12,434 | INFO | Đã gửi DM thành công cho bomaylavua0995
2026-08-18 02:41:13,847 | INFO | [MESSAGE] hieu0182. | CT   Thduy X NgGin? | #𝑚𝑎𝑖𝑛-𝑐ℎ𝑎𝑡 | 
2026-08-18 02:41:13,947 | INFO | Đã gửi DM thành công cho bomaylavua0995
2026-08-18 02:41:13,970 | INFO | [MESSAGE] boweiiday | CT   Thduy X NgGin? | #𝑚𝑎𝑖𝑛-𝑐ℎ𝑎𝑡 | 
2026-08-18 02:41:15,361 | INFO | Đã gửi DM thành công cho bomaylavua0995
2026-08-18 02:41:16,750 | INFO | Đã gửi DM thành công cho bomaylavua0995
2026-08-18 02:41:17,396 | INFO | [MESSAGE] boweiiday | CT   Thduy X NgGin? | #𝑚𝑎𝑖𝑛-𝑐ℎ𝑎𝑡 | 
2026-08-18 02:41:18,744 | INFO | Đã gửi DM thành công cho bomaylavua0995
2026-08-18 02:41:20,200 | INFO | Đã gửi DM thành công cho bomaylavua0995
2026-08-18 02:41:21,625 | INFO | Đã gửi DM thành công cho bomaylavua0995
2026-08-18 02:41:23,050 | INFO | Đã gửi DM thành công cho bomaylavua0995
2026-08-18 02:41:24,616 | INFO | Đã gửi DM thành công cho bomaylavua0995
2026-08-18 02:41:26,735 | INFO | Đã gửi DM thành công cho bomaylavua0995
2026-08-18 02:41:27,638 | INFO | [MESSAGE] hieu0182. | CT   Thduy X NgGin? | #𝑚𝑎𝑖𝑛-𝑐ℎ𝑎𝑡 | 
2026-08-18 02:41:28,244 | INFO | Đã gửi DM thành công cho bomaylavua0995
2026-08-18 02:41:29,740 | INFO | Đã gửi DM thành công cho bomaylavua0995
2026-08-18 02:41:31,173 | INFO | Đã gửi DM thành công cho bomaylavua0995
2026-08-18 02:41:32,633 | INFO | Đã gửi DM thành công cho bomaylavua0995
2026-08-18 02:41:33,064 | INFO | [MESSAGE] hieu0182. | CT   Thduy X NgGin? | #𝑚𝑎𝑖𝑛-𝑐ℎ𝑎𝑡 | 
2026-08-18 02:41:33,948 | INFO | [MESSAGE] boweiiday | CT   Thduy X NgGin? | #𝑚𝑎𝑖𝑛-𝑐ℎ𝑎𝑡 | 
2026-08-18 02:41:34,070 | INFO | Đã gửi DM thành công cho bomaylavua0995
2026-08-18 02:41:35,319 | INFO | [MESSAGE] hieu0182. | CT   Thduy X NgGin? | #𝑚𝑎𝑖𝑛-𝑐ℎ𝑎𝑡 | 
2026-08-18 02:41:35,621 | INFO | Đã gửi DM thành công cho bomaylavua0995
2026-08-18 02:41:37,066 | INFO | Đã gửi DM thành công cho bomaylavua0995
2026-08-18 02:41:38,570 | INFO | Đã gửi DM thành công cho bomaylavua0995
2026-08-18 02:41:39,926 | INFO | [MESSAGE] hieu0182. | CT   Thduy X NgGin? | #𝑚𝑎𝑖𝑛-𝑐ℎ𝑎𝑡 | 
2026-08-18 02:41:40,036 | INFO | Đã gửi DM thành công cho bomaylavua0995
2026-08-18 02:41:41,635 | INFO | Đã gửi DM thành công cho bomaylavua0995
2026-08-18 02:41:43,145 | INFO | Đã gửi DM thành công cho bomaylavua0995
2026-08-18 02:41:44,726 | INFO | Đã gửi DM thành công cho bomaylavua0995
2026-08-18 02:41:45,088 | INFO | [MESSAGE] boweiiday | CT   Thduy X NgGin? | #𝑚𝑎𝑖𝑛-𝑐ℎ𝑎𝑡 | 
2026-08-18 02:41:46,159 | INFO | Đã gửi DM thành công cho bomaylavua0995
2026-08-18 02:41:47,585 | INFO | Đã gửi DM thành công cho bomaylavua0995
2026-08-18 02:41:49,084 | INFO | Đã gửi DM thành công cho bomaylavua0995
2026-08-18 02:41:49,709 | INFO | [MESSAGE] hieu0182. | CT   Thduy X NgGin? | #𝑚𝑎𝑖𝑛-𝑐ℎ𝑎𝑡 | 
2026-08-18 02:41:50,485 | INFO | Đã gửi DM thành công cho bomaylavua0995
2026-08-18 02:41:51,975 | INFO | Đã gửi DM thành công cho bomaylavua0995
2026-08-18 02:41:53,382 | INFO | Đã gửi DM thành công cho bomaylavua0995
2026-08-18 02:41:55,116 | INFO | Đã gửi DM thành công cho bomaylavua0995
2026-08-18 02:41:56,533 | INFO | Đã gửi DM thành công cho bomaylavua0995
2026-08-18 02:41:56,722 | INFO | Đã Dừng Spam Chat Cho bomaylavua0995
2026-08-18 02:41:56,722 | INFO | Task spam cho bomaylavua0995 (ID: 1511030392101146685) đã bị hủy.
2026-08-18 02:42:04,235 | WARNING | We are being rate limited. DELETE https://discord.com/api/v10/channels/1538947355296923740/messages/1538996251607957584 responded with 429. Retrying in 0.30 seconds.
2026-08-18 02:42:04,806 | INFO | [MESSAGE] hieu0182. | CT   Thduy X NgGin? | #𝑚𝑎𝑖𝑛-𝑐ℎ𝑎𝑡 | 
2026-08-18 02:42:06,254 | WARNING | We are being rate limited. DELETE https://discord.com/api/v10/channels/1538947355296923740/messages/1538996239188893757 responded with 429. Retrying in 0.30 seconds.
2026-08-18 02:42:08,034 | WARNING | We are being rate limited. DELETE https://discord.com/api/v10/channels/1538947355296923740/messages/1538996226614231160 responded with 429. Retrying in 0.39 seconds.
2026-08-18 02:42:09,356 | WARNING | We are being rate limited. DELETE https://discord.com/api/v10/channels/1538947355296923740/messages/1538996220503134310 responded with 429. Retrying in 0.30 seconds.
2026-08-18 02:42:11,229 | WARNING | We are being rate limited. DELETE https://discord.com/api/v10/channels/1538947355296923740/messages/1538996208226402334 responded with 429. Retrying in 0.30 seconds.
2026-08-18 02:42:13,068 | WARNING | We are being rate limited. DELETE https://discord.com/api/v10/channels/1538947355296923740/messages/1538996194229887127 responded with 429. Retrying in 0.36 seconds.
2026-08-18 02:42:14,422 | WARNING | We are being rate limited. DELETE https://discord.com/api/v10/channels/1538947355296923740/messages/1538996186558496901 responded with 429. Retrying in 0.30 seconds.
2026-08-18 02:42:16,201 | WARNING | We are being rate limited. DELETE https://discord.com/api/v10/channels/1538947355296923740/messages/1538996174441414687 responded with 429. Retrying in 0.30 seconds.
2026-08-18 02:42:17,392 | WARNING | We are being rate limited. DELETE https://discord.com/api/v10/channels/1538947355296923740/messages/1538996168275660822 responded with 429. Retrying in 0.30 seconds.
2026-08-18 02:42:19,188 | WARNING | We are being rate limited. DELETE https://discord.com/api/v10/channels/1538947355296923740/messages/1538996154061168780 responded with 429. Retrying in 0.30 seconds.
2026-08-18 02:42:21,124 | WARNING | We are being rate limited. DELETE https://discord.com/api/v10/channels/1538947355296923740/messages/1538996142056931510 responded with 429. Retrying in 0.33 seconds.
2026-08-18 02:42:22,443 | WARNING | We are being rate limited. DELETE https://discord.com/api/v10/channels/1538947355296923740/messages/1538996135543316553 responded with 429. Retrying in 0.30 seconds.
2026-08-18 02:42:24,296 | WARNING | We are being rate limited. DELETE https://discord.com/api/v10/channels/1538947355296923740/messages/1538996123530956852 responded with 429. Retrying in 0.30 seconds.
2026-08-18 02:42:26,054 | WARNING | We are being rate limited. DELETE https://discord.com/api/v10/channels/1538947355296923740/messages/1538996108477595661 responded with 429. Retrying in 0.38 seconds.
2026-08-18 02:42:27,388 | WARNING | We are being rate limited. DELETE https://discord.com/api/v10/channels/1538947355296923740/messages/1538996100776722523 responded with 429. Retrying in 0.30 seconds.
2026-08-18 02:42:29,451 | WARNING | We are being rate limited. DELETE https://discord.com/api/v10/channels/1538947355296923740/messages/1538996088663576606 responded with 429. Retrying in 0.30 seconds.
2026-08-18 02:42:32,286 | WARNING | We are being rate limited. DELETE https://discord.com/api/v10/channels/1538947355296923740/messages/1538996070107979867 responded with 429. Retrying in 0.30 seconds.
2026-08-18 02:42:37,376 | INFO | [MESSAGE] boweiiday | CT   Thduy X NgGin? | #𝑚𝑎𝑖𝑛-𝑐ℎ𝑎𝑡 | 
2026-08-18 02:42:49,504 | INFO | [MESSAGE] boweiiday | CT   Thduy X NgGin? | #𝑚𝑎𝑖𝑛-𝑐ℎ𝑎𝑡 | Như này mới đc nè m
2026-08-18 02:42:53,998 | INFO | [MESSAGE] hieu0182. | CT   Thduy X NgGin? | #𝑚𝑎𝑖𝑛-𝑐ℎ𝑎𝑡 | 
2026-08-18 02:42:58,833 | INFO | [MESSAGE] boweiiday | CT   Thduy X NgGin? | #𝑚𝑎𝑖𝑛-𝑐ℎ𝑎𝑡 | 
2026-08-18 02:43:14,472 | INFO | [MESSAGE] hieu0182. | CT   Thduy X NgGin? | #𝑚𝑎𝑖𝑛-𝑐ℎ𝑎𝑡 | 
2026-08-18 02:43:55,983 | INFO | Bắt đầu spam DM cho hoshiiz. (ID: 1400429247587291136) mỗi 1.0s
2026-08-18 02:43:58,219 | INFO | Đã gửi DM thành công cho hoshiiz.
2026-08-18 02:43:59,628 | INFO | Đã gửi DM thành công cho hoshiiz.
2026-08-18 02:44:01,044 | INFO | Đã gửi DM thành công cho hoshiiz.
2026-08-18 02:44:02,614 | INFO | Đã gửi DM thành công cho hoshiiz.
2026-08-18 02:44:04,004 | INFO | [MESSAGE] hieu0182. | CT   Thduy X NgGin? | #𝑚𝑎𝑖𝑛-𝑐ℎ𝑎𝑡 | 
2026-08-18 02:44:04,153 | INFO | Đã gửi DM thành công cho hoshiiz.
2026-08-18 02:44:05,559 | INFO | Đã gửi DM thành công cho hoshiiz.
2026-08-18 02:44:07,807 | INFO | Đã gửi DM thành công cho hoshiiz.
2026-08-18 02:44:09,518 | INFO | Đã gửi DM thành công cho hoshiiz.
2026-08-18 02:44:11,154 | INFO | Đã gửi DM thành công cho hoshiiz.
2026-08-18 02:44:12,576 | INFO | Đã gửi DM thành công cho hoshiiz.
2026-08-18 02:44:13,340 | INFO | [MESSAGE] boweiiday | CT   Thduy X NgGin? | #𝑚𝑎𝑖𝑛-𝑐ℎ𝑎𝑡 | 
2026-08-18 02:44:14,028 | INFO | Đã gửi DM thành công cho hoshiiz.
2026-08-18 02:44:14,639 | INFO | Đã Dừng Spam Chat Cho hoshiiz.
2026-08-18 02:44:14,640 | INFO | Task spam cho hoshiiz. (ID: 1400429247587291136) đã bị hủy.
2026-08-18 02:44:18,261 | INFO | [MESSAGE] hieu0182. | CT   Thduy X NgGin? | #𝑚𝑎𝑖𝑛-𝑐ℎ𝑎𝑡 | 
2026-08-18 02:44:21,897 | INFO | [MESSAGE] boweiiday | CT   Thduy X NgGin? | #𝑚𝑎𝑖𝑛-𝑐ℎ𝑎𝑡 | 
2026-08-18 02:44:26,113 | INFO | [MESSAGE] hieu0182. | CT   Thduy X NgGin? | #𝑚𝑎𝑖𝑛-𝑐ℎ𝑎𝑡 | 
2026-08-18 02:44:32,909 | INFO | [MESSAGE] boweiiday | CT   Thduy X NgGin? | #𝑚𝑎𝑖𝑛-𝑐ℎ𝑎𝑡 | 
2026-08-18 02:44:41,400 | INFO | [MESSAGE] hieu0182. | CT   Thduy X NgGin? | #𝑚𝑎𝑖𝑛-𝑐ℎ𝑎𝑡 | 
2026-08-18 02:44:48,400 | INFO | [MESSAGE] boweiiday | CT   Thduy X NgGin? | #𝑚𝑎𝑖𝑛-𝑐ℎ𝑎𝑡 | 
2026-08-18 02:44:54,622 | INFO | [MESSAGE] hieu0182. | CT   Thduy X NgGin? | #𝑚𝑎𝑖𝑛-𝑐ℎ𝑎𝑡 | 
2026-08-18 02:45:14,146 | INFO | Bắt đầu spam DM cho hieu0182. (ID: 1502266917677957240) mỗi 1.0s
2026-08-18 02:45:14,649 | INFO | Đã gửi DM thành công cho hieu0182.
2026-08-18 02:45:16,266 | INFO | Đã gửi DM thành công cho hieu0182.
2026-08-18 02:45:17,731 | INFO | Đã gửi DM thành công cho hieu0182.
2026-08-18 02:45:19,167 | INFO | Đã gửi DM thành công cho hieu0182.
2026-08-18 02:45:20,293 | INFO | [MESSAGE] hieu0182. | CT   Thduy X NgGin? | #𝑚𝑎𝑖𝑛-𝑐ℎ𝑎𝑡 | 
2026-08-18 02:45:20,942 | INFO | Đã gửi DM thành công cho hieu0182.
2026-08-18 02:45:22,477 | INFO | Đã gửi DM thành công cho hieu0182.
2026-08-18 02:45:24,006 | INFO | Đã gửi DM thành công cho hieu0182.
2026-08-18 02:45:25,488 | INFO | Đã gửi DM thành công cho hieu0182.
2026-08-18 02:45:26,950 | INFO | Đã gửi DM thành công cho hieu0182.
2026-08-18 02:45:28,389 | INFO | Đã gửi DM thành công cho hieu0182.
2026-08-18 02:45:29,299 | INFO | Đã Dừng Spam Chat Cho hieu0182.
2026-08-18 02:45:29,300 | INFO | Task spam cho hieu0182. (ID: 1502266917677957240) đã bị hủy.
2026-08-18 02:45:54,045 | INFO | [MESSAGE] boweiiday | CT   Thduy X NgGin? | #𝑚𝑎𝑖𝑛-𝑐ℎ𝑎𝑡 | 
2026-08-18 02:46:51,630 | INFO | logging in using static token
2026-08-18 02:46:54,270 | INFO | Shard ID None has connected to Gateway (Session ID: 049b685fca09775ac90163349b2970f6).
2026-08-18 02:46:56,313 | INFO | Đăng nhập thành công với tên: Chuoi Afk#8458 (ID: 1460506480615751814)
2026-08-18 02:46:56,314 | INFO | Bắt đầu tự động đồng bộ lệnh đến toàn bộ server...
2026-08-18 02:46:56,664 | INFO | ✅ Đã đồng bộ lệnh thành công cho server: minecraft+roblox (ID: 1457196962045497397)
2026-08-18 02:46:57,073 | INFO | ✅ Đã đồng bộ lệnh thành công cho server: cc (ID: 1497242033146826762)
2026-08-18 02:46:57,434 | INFO | ✅ Đã đồng bộ lệnh thành công cho server: lớp B rô lốc (ID: 1517055610107985920)
2026-08-18 02:46:57,816 | INFO | ✅ Đã đồng bộ lệnh thành công cho server: Ăn Không Rồi Báo (ID: 1525379421417111593)
2026-08-18 02:46:58,211 | INFO | ✅ Đã đồng bộ lệnh thành công cho server: CT   Thduy X NgGin? (ID: 1532676507409973358)
2026-08-18 02:46:58,211 | INFO | Hoàn tất đồng bộ tất cả server!
2026-08-18 02:46:59,548 | INFO | [MESSAGE] hieu0182. | CT   Thduy X NgGin? | #𝑚𝑎𝑖𝑛-𝑐ℎ𝑎𝑡 | thử nt r thu hồi t xem
2026-08-18 02:46:59,635 | INFO | [MESSAGE] boweiiday | CT   Thduy X NgGin? | #𝑚𝑎𝑖𝑛-𝑐ℎ𝑎𝑡 | Ô s tắt r:)
2026-08-18 02:47:07,901 | INFO | [MESSAGE] boweiiday | CT   Thduy X NgGin? | #𝑚𝑎𝑖𝑛-𝑐ℎ𝑎𝑡 | Hiếu bucu bon
2026-08-18 02:47:11,690 | INFO | [THU HỒI / XÓA TIN NHẮN] Tác giả: boweiiday | Server: CT   Thduy X NgGin? | Kênh: #𝑚𝑎𝑖𝑛-𝑐ℎ𝑎𝑡 | Nội dung bị xóa: Hiếu bucu bon
2026-08-18 02:47:16,960 | INFO | [MESSAGE] hieu0182. | CT   Thduy X NgGin? | #𝑚𝑎𝑖𝑛-𝑐ℎ𝑎𝑡 | 2026-08-18 02:47:11,690 | INFO | [THU HỒI / XÓA TIN NHẮN] Tác giả: boweiiday | Server: CT   Thduy X NgGin? | Kênh: <#1533083609202692117> | Nội dung bị xóa: Hiếu bucu bon
2026-08-18 02:47:24,643 | INFO | [THU HỒI / XÓA TIN NHẮN] Tác giả: hieu0182. | Server: CT   Thduy X NgGin? | Kênh: #𝑚𝑎𝑖𝑛-𝑐ℎ𝑎𝑡 | Nội dung bị xóa: 2026-08-18 02:47:11,690 | INFO | [THU HỒI / XÓA TIN NHẮN] Tác giả: boweiiday | Server: CT   Thduy X NgGin? | Kênh: <#1533083609202692117> | Nội dung bị xóa: Hiếu bucu bon
2026-08-18 02:47:25,457 | INFO | [MESSAGE] hieu0182. | CT   Thduy X NgGin? | #𝑚𝑎𝑖𝑛-𝑐ℎ𝑎𝑡 | 
2026-08-18 02:47:32,031 | INFO | [MESSAGE] hieu0182. | CT   Thduy X NgGin? | #𝑚𝑎𝑖𝑛-𝑐ℎ𝑎𝑡 | dc nhỉ
2026-08-18 02:47:43,841 | INFO | [THU HỒI / XÓA TIN NHẮN] Tác giả: hieu0182. | Server: CT   Thduy X NgGin? | Kênh: #𝑚𝑎𝑖𝑛-𝑐ℎ𝑎𝑡 | Nội dung bị xóa: <Tin nhắn không có văn bản (chỉ có ảnh/file/embed)>
2026-08-18 02:47:46,825 | INFO | [MESSAGE] boweiiday | CT   Thduy X NgGin? | #𝑚𝑎𝑖𝑛-𝑐ℎ𝑎𝑡 | Ok
2026-08-18 02:47:58,691 | INFO | [THU HỒI / XÓA TIN NHẮN] Tác giả: boweiiday | Server: CT   Thduy X NgGin? | Kênh: #𝑚𝑎𝑖𝑛-𝑐ℎ𝑎𝑡 | Nội dung bị xóa: Ok
2026-08-18 02:47:58,719 | INFO | [MESSAGE] boweiiday | CT   Thduy X NgGin? | #𝑚𝑎𝑖𝑛-𝑐ℎ𝑎𝑡 | S k code cho bot nó gửi lại ra
2026-08-18 02:48:08,140 | INFO | [MESSAGE] hieu0182. | CT   Thduy X NgGin? | #𝑚𝑎𝑖𝑛-𝑐ℎ𝑎𝑡 | hoi t lừi
2026-08-18 02:48:10,209 | INFO | [MESSAGE] boweiiday | CT   Thduy X NgGin? | #𝑚𝑎𝑖𝑛-𝑐ℎ𝑎𝑡 | Ví dụ <@1502266917677957240> Đã thu hồi .... ấy
2026-08-18 02:48:16,745 | INFO | [MESSAGE] hieu0182. | CT   Thduy X NgGin? | #𝑚𝑎𝑖𝑛-𝑐ℎ𝑎𝑡 | vs lại cái này nằm ở main r
2026-08-18 02:48:20,018 | INFO | [MESSAGE] hieu0182. | CT   Thduy X NgGin? | #𝑚𝑎𝑖𝑛-𝑐ℎ𝑎𝑡 | để tách thử
2026-08-18 02:48:28,562 | INFO | [MESSAGE] boweiiday | CT   Thduy X NgGin? | #𝑚𝑎𝑖𝑛-𝑐ℎ𝑎𝑡 | Có gửi lại ảnh với vd k
2026-08-18 02:48:38,892 | INFO | [MESSAGE] hieu0182. | CT   Thduy X NgGin? | #𝑚𝑎𝑖𝑛-𝑐ℎ𝑎𝑡 | tn th
2026-08-18 02:48:55,534 | INFO | [MESSAGE] boweiiday | CT   Thduy X NgGin? | #𝑚𝑎𝑖𝑛-𝑐ℎ𝑎𝑡 | K đc như mess nhỉ
2026-08-18 02:49:08,344 | INFO | [MESSAGE] hieu0182. | CT   Thduy X NgGin? | #𝑚𝑎𝑖𝑛-𝑐ℎ𝑎𝑡 | để t xem ảnh vs video thử
2026-08-18 02:49:18,207 | INFO | [MESSAGE] boweiiday | CT   Thduy X NgGin? | #𝑚𝑎𝑖𝑛-𝑐ℎ𝑎𝑡 | Trc t có cái lệnh nó gửi lại cả ảnh vs vd
2026-08-18 02:49:20,806 | INFO | [MESSAGE] boweiiday | CT   Thduy X NgGin? | #𝑚𝑎𝑖𝑛-𝑐ℎ𝑎𝑡 | Kèm cả tag
2026-08-18 02:49:44,446 | INFO | logging in using static token
2026-08-18 02:49:46,442 | INFO | Shard ID None has connected to Gateway (Session ID: 68567d3f73a4045e6d4a65008435ebea).
2026-08-18 02:49:48,474 | INFO | Đăng nhập thành công với tên: Chuoi Afk#8458 (ID: 1460506480615751814)
2026-08-18 02:49:48,475 | INFO | Bắt đầu tự động đồng bộ lệnh đến toàn bộ server...
2026-08-18 02:49:48,802 | INFO | ✅ Đã đồng bộ lệnh thành công cho server: minecraft+roblox (ID: 1457196962045497397)
2026-08-18 02:49:49,191 | INFO | ✅ Đã đồng bộ lệnh thành công cho server: cc (ID: 1497242033146826762)
2026-08-18 02:49:49,562 | INFO | ✅ Đã đồng bộ lệnh thành công cho server: lớp B rô lốc (ID: 1517055610107985920)
2026-08-18 02:49:49,922 | INFO | ✅ Đã đồng bộ lệnh thành công cho server: Ăn Không Rồi Báo (ID: 1525379421417111593)
2026-08-18 02:49:50,257 | INFO | ✅ Đã đồng bộ lệnh thành công cho server: CT   Thduy X NgGin? (ID: 1532676507409973358)
2026-08-18 02:49:50,257 | INFO | Hoàn tất đồng bộ tất cả server!
2026-08-18 02:49:58,033 | INFO | [MESSAGE] boweiiday | CT   Thduy X NgGin? | #𝑚𝑎𝑖𝑛-𝑐ℎ𝑎𝑡 | Th ngủ
2026-08-18 02:50:05,659 | INFO | [MESSAGE] hieu0182. | CT   Thduy X NgGin? | #𝑚𝑎𝑖𝑛-𝑐ℎ𝑎𝑡 | dc
2026-08-18 02:50:18,108 | INFO | logging in using static token
2026-08-18 02:50:19,935 | INFO | Shard ID None has connected to Gateway (Session ID: 7cc382a740a1caa8e7b6c038164ac779).
2026-08-18 02:50:22,025 | INFO | Đăng nhập thành công với tên: Chuoi Afk#8458 (ID: 1460506480615751814)
2026-08-18 02:50:22,025 | INFO | Bắt đầu tự động đồng bộ lệnh đến toàn bộ server...
2026-08-18 02:50:22,387 | INFO | ✅ Đã đồng bộ lệnh thành công cho server: minecraft+roblox (ID: 1457196962045497397)
2026-08-18 02:50:22,784 | INFO | ✅ Đã đồng bộ lệnh thành công cho server: cc (ID: 1497242033146826762)
2026-08-18 02:50:23,164 | INFO | ✅ Đã đồng bộ lệnh thành công cho server: lớp B rô lốc (ID: 1517055610107985920)
2026-08-18 02:50:23,548 | INFO | ✅ Đã đồng bộ lệnh thành công cho server: Ăn Không Rồi Báo (ID: 1525379421417111593)
2026-08-18 02:50:23,943 | INFO | ✅ Đã đồng bộ lệnh thành công cho server: CT   Thduy X NgGin? (ID: 1532676507409973358)
2026-08-18 02:50:23,943 | INFO | Hoàn tất đồng bộ tất cả server!
2026-08-18 02:52:21,872 | INFO | logging in using static token
2026-08-18 02:52:24,097 | INFO | Shard ID None has connected to Gateway (Session ID: 30f6cde031bd0a054b35038b5485a148).
2026-08-18 02:52:26,126 | INFO | Đăng nhập thành công với tên: Chuoi Afk#8458 (ID: 1460506480615751814)
2026-08-18 02:52:26,126 | INFO | Bắt đầu tự động đồng bộ lệnh đến toàn bộ server...
2026-08-18 02:52:26,470 | INFO | ✅ Đã đồng bộ lệnh thành công cho server: minecraft+roblox (ID: 1457196962045497397)
2026-08-18 02:52:26,839 | INFO | ✅ Đã đồng bộ lệnh thành công cho server: cc (ID: 1497242033146826762)
2026-08-18 02:52:27,226 | INFO | ✅ Đã đồng bộ lệnh thành công cho server: lớp B rô lốc (ID: 1517055610107985920)
2026-08-18 02:52:27,817 | INFO | ✅ Đã đồng bộ lệnh thành công cho server: Ăn Không Rồi Báo (ID: 1525379421417111593)
2026-08-18 02:52:28,140 | INFO | ✅ Đã đồng bộ lệnh thành công cho server: CT   Thduy X NgGin? (ID: 1532676507409973358)
2026-08-18 02:52:28,141 | INFO | Hoàn tất đồng bộ tất cả server!
2026-08-18 02:52:56,738 | INFO | [MESSAGE] hieu0182. | CT   Thduy X NgGin? | #𝑚𝑎𝑖𝑛-𝑐ℎ𝑎𝑡 | cc
2026-08-18 02:52:59,226 | INFO | [THU HỒI / XÓA TIN NHẮN] Tác giả: hieu0182. | Server: CT   Thduy X NgGin? | Kênh: #𝑚𝑎𝑖𝑛-𝑐ℎ𝑎𝑡 | Nội dung bị xóa: cc
2026-08-18 02:53:02,426 | INFO | [MESSAGE] boweiiday | CT   Thduy X NgGin? | #𝑚𝑎𝑖𝑛-𝑐ℎ𝑎𝑡 | Tí mẹ vô gank
2026-08-18 02:53:10,863 | INFO | [MESSAGE] hieu0182. | CT   Thduy X NgGin? | #𝑚𝑎𝑖𝑛-𝑐ℎ𝑎𝑡 | deo thế đau
2026-08-18 02:53:23,461 | INFO | [MESSAGE] boweiiday | CT   Thduy X NgGin? | #𝑚𝑎𝑖𝑛-𝑐ℎ𝑎𝑡 | Lại như lần xoá vr
2026-08-18 02:53:25,126 | INFO | [MESSAGE] boweiiday | CT   Thduy X NgGin? | #𝑚𝑎𝑖𝑛-𝑐ℎ𝑎𝑡 | 🤣
2026-08-18 02:53:36,318 | INFO | [MESSAGE] hieu0182. | CT   Thduy X NgGin? | #𝑚𝑎𝑖𝑛-𝑐ℎ𝑎𝑡 | cc
2026-08-18 02:53:42,314 | INFO | [MESSAGE] hieu0182. | CT   Thduy X NgGin? | #𝑚𝑎𝑖𝑛-𝑐ℎ𝑎𝑡 | mẹt tht
2026-08-18 02:53:47,479 | INFO | [MESSAGE] boweiiday | CT   Thduy X NgGin? | #𝑚𝑎𝑖𝑛-𝑐ℎ𝑎𝑡 | A ngủ đây
2026-08-18 02:54:48,715 | INFO | logging in using static token
2026-08-18 02:54:50,462 | INFO | Shard ID None has connected to Gateway (Session ID: 1b3285ebd48e0f8abda2b6658e4ded54).
2026-08-18 02:54:52,506 | INFO | Đăng nhập thành công với tên: Chuoi Afk#8458 (ID: 1460506480615751814)
2026-08-18 02:54:52,506 | INFO | Bắt đầu tự động đồng bộ lệnh đến toàn bộ server...
2026-08-18 02:54:52,945 | INFO | ✅ Đã đồng bộ lệnh thành công cho server: minecraft+roblox (ID: 1457196962045497397)
2026-08-18 02:54:53,306 | INFO | ✅ Đã đồng bộ lệnh thành công cho server: cc (ID: 1497242033146826762)
2026-08-18 02:54:53,767 | INFO | ✅ Đã đồng bộ lệnh thành công cho server: lớp B rô lốc (ID: 1517055610107985920)
2026-08-18 02:54:54,114 | INFO | ✅ Đã đồng bộ lệnh thành công cho server: Ăn Không Rồi Báo (ID: 1525379421417111593)
2026-08-18 02:54:54,473 | INFO | ✅ Đã đồng bộ lệnh thành công cho server: CT   Thduy X NgGin? (ID: 1532676507409973358)
2026-08-18 02:54:54,473 | INFO | Hoàn tất đồng bộ tất cả server!
2026-08-18 02:57:01,945 | INFO | logging in using static token
2026-08-18 02:57:03,675 | INFO | Shard ID None has connected to Gateway (Session ID: 5517fc75a4161f317363345794248af5).
2026-08-18 02:57:05,713 | INFO | Đăng nhập thành công với tên: Chuoi Afk#8458 (ID: 1460506480615751814)
2026-08-18 02:57:05,713 | INFO | Bắt đầu tự động đồng bộ lệnh đến toàn bộ server...
2026-08-18 02:57:06,076 | INFO | ✅ Đã đồng bộ lệnh thành công cho server: minecraft+roblox (ID: 1457196962045497397)
2026-08-18 02:57:06,479 | INFO | ✅ Đã đồng bộ lệnh thành công cho server: cc (ID: 1497242033146826762)
2026-08-18 02:57:06,824 | INFO | ✅ Đã đồng bộ lệnh thành công cho server: lớp B rô lốc (ID: 1517055610107985920)
2026-08-18 02:57:07,206 | INFO | ✅ Đã đồng bộ lệnh thành công cho server: Ăn Không Rồi Báo (ID: 1525379421417111593)
2026-08-18 02:57:07,632 | INFO | ✅ Đã đồng bộ lệnh thành công cho server: CT   Thduy X NgGin? (ID: 1532676507409973358)
2026-08-18 02:57:07,632 | INFO | Hoàn tất đồng bộ tất cả server!
2026-08-18 03:00:23,774 | INFO | logging in using static token
2026-08-18 03:00:25,905 | INFO | Shard ID None has connected to Gateway (Session ID: 6ef43403456f573b64488fcf6ebf1b27).
2026-08-18 03:00:27,934 | INFO | Đăng nhập thành công với tên: Chuoi Afk#8458 (ID: 1460506480615751814)
2026-08-18 03:00:27,934 | INFO | Bắt đầu tự động đồng bộ lệnh đến toàn bộ server...
2026-08-18 03:00:28,289 | INFO | ✅ Đã đồng bộ lệnh thành công cho server: minecraft+roblox (ID: 1457196962045497397)
2026-08-18 03:00:28,690 | INFO | ✅ Đã đồng bộ lệnh thành công cho server: cc (ID: 1497242033146826762)
2026-08-18 03:00:29,053 | INFO | ✅ Đã đồng bộ lệnh thành công cho server: lớp B rô lốc (ID: 1517055610107985920)
2026-08-18 03:00:29,434 | INFO | ✅ Đã đồng bộ lệnh thành công cho server: Ăn Không Rồi Báo (ID: 1525379421417111593)
2026-08-18 03:00:29,886 | INFO | ✅ Đã đồng bộ lệnh thành công cho server: CT   Thduy X NgGin? (ID: 1532676507409973358)
2026-08-18 03:00:29,886 | INFO | Hoàn tất đồng bộ tất cả server!
2026-08-18 03:01:35,076 | INFO | logging in using static token
2026-08-18 03:01:36,880 | INFO | Shard ID None has connected to Gateway (Session ID: c7d6b180e0b51aa6970289c9fecf0be0).
2026-08-18 03:01:38,913 | INFO | Đăng nhập thành công với tên: Chuoi Afk#8458 (ID: 1460506480615751814)
2026-08-18 03:01:38,914 | INFO | Bắt đầu tự động đồng bộ lệnh đến toàn bộ server...
2026-08-18 03:01:39,320 | INFO | ✅ Đã đồng bộ lệnh thành công cho server: minecraft+roblox (ID: 1457196962045497397)
2026-08-18 03:01:39,707 | INFO | ✅ Đã đồng bộ lệnh thành công cho server: cc (ID: 1497242033146826762)
2026-08-18 03:01:40,109 | INFO | ✅ Đã đồng bộ lệnh thành công cho server: lớp B rô lốc (ID: 1517055610107985920)
2026-08-18 03:01:40,682 | INFO | ✅ Đã đồng bộ lệnh thành công cho server: Ăn Không Rồi Báo (ID: 1525379421417111593)
2026-08-18 03:01:41,063 | INFO | ✅ Đã đồng bộ lệnh thành công cho server: CT   Thduy X NgGin? (ID: 1532676507409973358)
2026-08-18 03:01:41,063 | INFO | Hoàn tất đồng bộ tất cả server!
2026-08-18 03:02:39,570 | INFO | logging in using static token
2026-08-18 03:02:41,814 | INFO | Shard ID None has connected to Gateway (Session ID: f528f0e43d1ef65377cbcad734b0c6b0).
2026-08-18 03:02:43,846 | INFO | Đăng nhập thành công với tên: Chuoi Afk#8458 (ID: 1460506480615751814)
2026-08-18 03:02:43,847 | INFO | Bắt đầu tự động đồng bộ lệnh đến toàn bộ server...
2026-08-18 03:02:44,224 | INFO | ✅ Đã đồng bộ lệnh thành công cho server: minecraft+roblox (ID: 1457196962045497397)
2026-08-18 03:02:44,624 | INFO | ✅ Đã đồng bộ lệnh thành công cho server: cc (ID: 1497242033146826762)
2026-08-18 03:02:45,010 | INFO | ✅ Đã đồng bộ lệnh thành công cho server: lớp B rô lốc (ID: 1517055610107985920)
2026-08-18 03:02:45,366 | INFO | ✅ Đã đồng bộ lệnh thành công cho server: Ăn Không Rồi Báo (ID: 1525379421417111593)
2026-08-18 03:02:45,716 | INFO | ✅ Đã đồng bộ lệnh thành công cho server: CT   Thduy X NgGin? (ID: 1532676507409973358)
2026-08-18 03:02:45,716 | INFO | Hoàn tất đồng bộ tất cả server!
2026-08-18 03:05:38,581 | INFO | logging in using static token
2026-08-18 03:05:40,569 | INFO | Shard ID None has connected to Gateway (Session ID: fec9193716591450499e122e31d02e41).
2026-08-18 03:05:42,671 | INFO | Đăng nhập thành công với tên: Chuoi Afk#8458 (ID: 1460506480615751814)
2026-08-18 03:05:42,671 | INFO | Bắt đầu tự động đồng bộ lệnh đến toàn bộ server...
2026-08-18 03:05:43,089 | INFO | ✅ Đã đồng bộ lệnh thành công cho server: minecraft+roblox (ID: 1457196962045497397)
2026-08-18 03:05:43,536 | INFO | ✅ Đã đồng bộ lệnh thành công cho server: cc (ID: 1497242033146826762)
2026-08-18 03:05:43,943 | INFO | ✅ Đã đồng bộ lệnh thành công cho server: lớp B rô lốc (ID: 1517055610107985920)
2026-08-18 03:05:44,294 | INFO | ✅ Đã đồng bộ lệnh thành công cho server: Ăn Không Rồi Báo (ID: 1525379421417111593)
2026-08-18 03:05:44,666 | INFO | ✅ Đã đồng bộ lệnh thành công cho server: CT   Thduy X NgGin? (ID: 1532676507409973358)
2026-08-18 03:05:44,666 | INFO | Hoàn tất đồng bộ tất cả server!
2026-08-18 03:06:13,303 | INFO | logging in using static token
2026-08-18 03:06:14,966 | INFO | Shard ID None has connected to Gateway (Session ID: eb68df8fcdd2ed2c8e4d5a9af75b4df8).
2026-08-18 03:06:16,993 | INFO | Đăng nhập thành công với tên: Chuoi Afk#8458 (ID: 1460506480615751814)
2026-08-18 03:06:16,993 | INFO | Bắt đầu tự động đồng bộ lệnh đến toàn bộ server...
2026-08-18 03:06:17,349 | INFO | ✅ Đã đồng bộ lệnh thành công cho server: minecraft+roblox (ID: 1457196962045497397)
2026-08-18 03:06:17,739 | INFO | ✅ Đã đồng bộ lệnh thành công cho server: cc (ID: 1497242033146826762)
2026-08-18 03:06:18,105 | INFO | ✅ Đã đồng bộ lệnh thành công cho server: lớp B rô lốc (ID: 1517055610107985920)
2026-08-18 03:06:18,491 | INFO | ✅ Đã đồng bộ lệnh thành công cho server: Ăn Không Rồi Báo (ID: 1525379421417111593)
2026-08-18 03:06:18,920 | INFO | ✅ Đã đồng bộ lệnh thành công cho server: CT   Thduy X NgGin? (ID: 1532676507409973358)
2026-08-18 03:06:18,920 | INFO | Hoàn tất đồng bộ tất cả server!
2026-08-18 03:06:44,833 | INFO | [MESSAGE] hieu0182. | CT   Thduy X NgGin? | #𝑚𝑎𝑖𝑛-𝑐ℎ𝑎𝑡 | cc
2026-08-18 03:06:47,538 | INFO | [THU HỒI / XÓA TIN NHẮN] Tác giả: hieu0182. | Server: CT   Thduy X NgGin? | Kênh: #𝑚𝑎𝑖𝑛-𝑐ℎ𝑎𝑡 | Nội dung bị xóa: cc
2026-08-18 03:06:55,143 | INFO | [MESSAGE] hieu0182. | CT   Thduy X NgGin? | #𝑚𝑎𝑖𝑛-𝑐ℎ𝑎𝑡 | đù
2026-08-18 03:07:12,190 | INFO | [THU HỒI / XÓA TIN NHẮN] Tác giả: hieu0182. | Server: CT   Thduy X NgGin? | Kênh: #𝑚𝑎𝑖𝑛-𝑐ℎ𝑎𝑡 | Nội dung bị xóa: đù
2026-08-18 03:07:27,594 | INFO | [MESSAGE] hieu096456 | CT   Thduy X NgGin? | #𝑚𝑎𝑖𝑛-𝑐ℎ𝑎𝑡 | cc
2026-08-18 03:07:31,077 | INFO | [THU HỒI / XÓA TIN NHẮN] Tác giả: hieu096456 | Server: CT   Thduy X NgGin? | Kênh: #𝑚𝑎𝑖𝑛-𝑐ℎ𝑎𝑡 | Nội dung bị xóa: cc
2026-08-18 03:07:45,319 | INFO | [MESSAGE] hieu096456 | CT   Thduy X NgGin? | #𝑚𝑎𝑖𝑛-𝑐ℎ𝑎𝑡 | tuất
2026-08-18 03:07:48,535 | INFO | [THU HỒI / XÓA TIN NHẮN] Tác giả: hieu096456 | Server: CT   Thduy X NgGin? | Kênh: #𝑚𝑎𝑖𝑛-𝑐ℎ𝑎𝑡 | Nội dung bị xóa: tuất
2026-08-18 03:08:55,963 | INFO | logging in using static token
2026-08-18 03:08:58,481 | INFO | Shard ID None has connected to Gateway (Session ID: 7a143797aeb0347345df3895ec113a12).
2026-08-18 03:09:00,740 | INFO | Đăng nhập thành công với tên: Chuoi Afk#8458 (ID: 1460506480615751814)
2026-08-18 03:09:00,740 | INFO | Bắt đầu tự động đồng bộ lệnh đến toàn bộ server...
2026-08-18 03:09:01,170 | INFO | ✅ Đã đồng bộ lệnh thành công cho server: minecraft+roblox (ID: 1457196962045497397)
2026-08-18 03:09:01,574 | INFO | ✅ Đã đồng bộ lệnh thành công cho server: cc (ID: 1497242033146826762)
2026-08-18 03:09:01,944 | INFO | ✅ Đã đồng bộ lệnh thành công cho server: lớp B rô lốc (ID: 1517055610107985920)
2026-08-18 03:09:02,356 | INFO | ✅ Đã đồng bộ lệnh thành công cho server: Ăn Không Rồi Báo (ID: 1525379421417111593)
2026-08-18 03:09:03,433 | INFO | ✅ Đã đồng bộ lệnh thành công cho server: CT   Thduy X NgGin? (ID: 1532676507409973358)
2026-08-18 03:09:03,433 | INFO | Hoàn tất đồng bộ tất cả server!
2026-08-18 03:09:17,590 | INFO | [MESSAGE] hieu096456 | CT   Thduy X NgGin? | #𝑚𝑎𝑖𝑛-𝑐ℎ𝑎𝑡 | cc
2026-08-18 03:09:20,492 | INFO | [THU HỒI / XÓA TIN NHẮN] Tác giả: hieu096456 | Server: CT   Thduy X NgGin? | Kênh: #𝑚𝑎𝑖𝑛-𝑐ℎ𝑎𝑡 | Nội dung bị xóa: cc
2026-08-18 03:14:20,329 | INFO | logging in using static token
2026-08-18 03:14:22,131 | INFO | Shard ID None has connected to Gateway (Session ID: b418e8bd37767c7987cd255f6d70786e).
2026-08-18 03:14:24,166 | INFO | Đăng nhập thành công với tên: Chuoi Afk#8458 (ID: 1460506480615751814)
2026-08-18 03:14:24,166 | INFO | Bắt đầu tự động đồng bộ lệnh đến toàn bộ server...
2026-08-18 03:14:24,533 | INFO | ✅ Đã đồng bộ lệnh thành công cho server: minecraft+roblox (ID: 1457196962045497397)
2026-08-18 03:14:25,039 | INFO | ✅ Đã đồng bộ lệnh thành công cho server: cc (ID: 1497242033146826762)
2026-08-18 03:14:25,368 | INFO | ✅ Đã đồng bộ lệnh thành công cho server: lớp B rô lốc (ID: 1517055610107985920)
2026-08-18 03:14:25,728 | INFO | ✅ Đã đồng bộ lệnh thành công cho server: Ăn Không Rồi Báo (ID: 1525379421417111593)
2026-08-18 03:14:26,074 | INFO | ✅ Đã đồng bộ lệnh thành công cho server: CT   Thduy X NgGin? (ID: 1532676507409973358)
2026-08-18 03:14:26,074 | INFO | Hoàn tất đồng bộ tất cả server!
2026-08-18 03:15:33,363 | INFO | logging in using static token
2026-08-18 03:15:36,001 | INFO | Shard ID None has connected to Gateway (Session ID: 63b35bdadb6e78181805a5e2fd386030).
2026-08-18 03:15:38,037 | INFO | Đăng nhập thành công với tên: Chuoi Afk#8458 (ID: 1460506480615751814)
2026-08-18 03:15:38,037 | INFO | Bắt đầu tự động đồng bộ lệnh đến toàn bộ server...
2026-08-18 03:15:38,413 | INFO | ✅ Đã đồng bộ lệnh thành công cho server: minecraft+roblox (ID: 1457196962045497397)
2026-08-18 03:15:38,838 | INFO | ✅ Đã đồng bộ lệnh thành công cho server: cc (ID: 1497242033146826762)
2026-08-18 03:15:39,936 | INFO | ✅ Đã đồng bộ lệnh thành công cho server: lớp B rô lốc (ID: 1517055610107985920)
2026-08-18 03:15:40,268 | INFO | ✅ Đã đồng bộ lệnh thành công cho server: Ăn Không Rồi Báo (ID: 1525379421417111593)
2026-08-18 03:15:40,659 | INFO | ✅ Đã đồng bộ lệnh thành công cho server: CT   Thduy X NgGin? (ID: 1532676507409973358)
2026-08-18 03:15:40,659 | INFO | Hoàn tất đồng bộ tất cả server!
2026-08-18 03:15:59,676 | INFO | [MESSAGE] hieu0182. | CT   Thduy X NgGin? | #𝑚𝑎𝑖𝑛-𝑐ℎ𝑎𝑡 | cc
2026-08-18 03:16:01,797 | INFO | [THU HỒI / XÓA TIN NHẮN] Tác giả: hieu0182. | Server: CT   Thduy X NgGin? | Kênh: #𝑚𝑎𝑖𝑛-𝑐ℎ𝑎𝑡 | Nội dung bị xóa: cc
2026-08-18 03:17:25,495 | INFO | [MESSAGE] hieu096456 | CT   Thduy X NgGin? | #𝑚𝑎𝑖𝑛-𝑐ℎ𝑎𝑡 | 
2026-08-18 03:17:29,003 | INFO | [THU HỒI / XÓA TIN NHẮN] Tác giả: hieu096456 | Server: CT   Thduy X NgGin? | Kênh: #𝑚𝑎𝑖𝑛-𝑐ℎ𝑎𝑡 | Nội dung bị xóa: <Tin nhắn không có văn bản (chỉ có ảnh/file/embed)>
2026-08-18 03:18:30,867 | INFO | logging in using static token
2026-08-18 03:18:32,822 | INFO | Shard ID None has connected to Gateway (Session ID: 9e9270c6300b0a1b0e5943e35b38bbb3).
2026-08-18 03:18:34,856 | INFO | Đăng nhập thành công với tên: Chuoi Afk#8458 (ID: 1460506480615751814)
2026-08-18 03:18:34,856 | INFO | Bắt đầu tự động đồng bộ lệnh đến toàn bộ server...
2026-08-18 03:18:35,262 | INFO | ✅ Đã đồng bộ lệnh thành công cho server: minecraft+roblox (ID: 1457196962045497397)
2026-08-18 03:18:35,644 | INFO | ✅ Đã đồng bộ lệnh thành công cho server: cc (ID: 1497242033146826762)
2026-08-18 03:18:36,049 | INFO | ✅ Đã đồng bộ lệnh thành công cho server: lớp B rô lốc (ID: 1517055610107985920)
2026-08-18 03:18:36,545 | INFO | ✅ Đã đồng bộ lệnh thành công cho server: Ăn Không Rồi Báo (ID: 1525379421417111593)
2026-08-18 03:18:36,906 | INFO | ✅ Đã đồng bộ lệnh thành công cho server: CT   Thduy X NgGin? (ID: 1532676507409973358)
2026-08-18 03:18:36,906 | INFO | Hoàn tất đồng bộ tất cả server!
2026-08-18 03:18:46,303 | INFO | [MESSAGE] hieu096456 | CT   Thduy X NgGin? | #𝑚𝑎𝑖𝑛-𝑐ℎ𝑎𝑡 | 
2026-08-18 03:18:49,467 | INFO | [THU HỒI / XÓA TIN NHẮN] Tác giả: hieu096456 | Server: CT   Thduy X NgGin? | Kênh: #𝑚𝑎𝑖𝑛-𝑐ℎ𝑎𝑡 | Nội dung bị xóa: <Tin nhắn không có văn bản (chỉ có ảnh/file/embed)>
2026-08-18 03:20:47,333 | INFO | logging in using static token
2026-08-18 03:20:49,164 | INFO | Shard ID None has connected to Gateway (Session ID: f93d5c2bcfd84883691d4f8abb99c767).
2026-08-18 03:20:50,367 | INFO | [MESSAGE] hieu096456 | CT   Thduy X NgGin? | #𝑚𝑎𝑖𝑛-𝑐ℎ𝑎𝑡 | 
2026-08-18 03:20:51,277 | INFO | Đăng nhập thành công với tên: Chuoi Afk#8458 (ID: 1460506480615751814)
2026-08-18 03:20:51,277 | INFO | Bắt đầu tự động đồng bộ lệnh đến toàn bộ server...
2026-08-18 03:20:51,653 | INFO | ✅ Đã đồng bộ lệnh thành công cho server: minecraft+roblox (ID: 1457196962045497397)
2026-08-18 03:20:52,010 | INFO | ✅ Đã đồng bộ lệnh thành công cho server: cc (ID: 1497242033146826762)
2026-08-18 03:20:52,364 | INFO | ✅ Đã đồng bộ lệnh thành công cho server: lớp B rô lốc (ID: 1517055610107985920)
2026-08-18 03:20:52,704 | INFO | ✅ Đã đồng bộ lệnh thành công cho server: Ăn Không Rồi Báo (ID: 1525379421417111593)
2026-08-18 03:20:53,056 | INFO | ✅ Đã đồng bộ lệnh thành công cho server: CT   Thduy X NgGin? (ID: 1532676507409973358)
2026-08-18 03:20:53,056 | INFO | Hoàn tất đồng bộ tất cả server!
2026-08-18 03:20:58,791 | INFO | [THU HỒI / XÓA TIN NHẮN] Tác giả: hieu096456 | Server: CT   Thduy X NgGin? | Kênh: #𝑚𝑎𝑖𝑛-𝑐ℎ𝑎𝑡 | Nội dung bị xóa: <Tin nhắn không có văn bản (chỉ có ảnh/file/embed)>
2026-08-18 03:22:39,199 | INFO | logging in using static token
2026-08-18 03:22:41,031 | INFO | Shard ID None has connected to Gateway (Session ID: 90ad48b7d8cb73c9c057f73f0eed8119).
2026-08-18 03:22:43,107 | INFO | Đăng nhập thành công với tên: Chuoi Afk#8458 (ID: 1460506480615751814)
2026-08-18 03:22:43,107 | INFO | Bắt đầu tự động đồng bộ lệnh đến toàn bộ server...
2026-08-18 03:22:43,507 | INFO | ✅ Đã đồng bộ lệnh thành công cho server: minecraft+roblox (ID: 1457196962045497397)
2026-08-18 03:22:43,925 | INFO | ✅ Đã đồng bộ lệnh thành công cho server: cc (ID: 1497242033146826762)
2026-08-18 03:22:44,304 | INFO | ✅ Đã đồng bộ lệnh thành công cho server: lớp B rô lốc (ID: 1517055610107985920)
2026-08-18 03:22:44,865 | INFO | ✅ Đã đồng bộ lệnh thành công cho server: Ăn Không Rồi Báo (ID: 1525379421417111593)
2026-08-18 03:22:45,200 | INFO | ✅ Đã đồng bộ lệnh thành công cho server: CT   Thduy X NgGin? (ID: 1532676507409973358)
2026-08-18 03:22:45,200 | INFO | Hoàn tất đồng bộ tất cả server!
2026-08-18 03:22:52,691 | INFO | logging in using static token
2026-08-18 03:22:54,365 | INFO | Shard ID None has connected to Gateway (Session ID: 4152b9d786c05f327e3e53284736e195).
2026-08-18 03:22:56,488 | INFO | Đăng nhập thành công với tên: Chuoi Afk#8458 (ID: 1460506480615751814)
2026-08-18 03:22:56,489 | INFO | Bắt đầu tự động đồng bộ lệnh đến toàn bộ server...
2026-08-18 03:23:19,432 | INFO | logging in using static token
2026-08-18 03:23:21,474 | INFO | Shard ID None has connected to Gateway (Session ID: 1bd984599a8dc70b717562b8da144fec).
2026-08-18 03:23:23,513 | INFO | Đăng nhập thành công với tên: Chuoi Afk#8458 (ID: 1460506480615751814)
2026-08-18 03:23:23,513 | INFO | Bắt đầu tự động đồng bộ lệnh đến toàn bộ server...
2026-08-18 03:24:13,538 | INFO | ✅ Đã đồng bộ lệnh thành công cho server: minecraft+roblox (ID: 1457196962045497397)
2026-08-18 03:24:14,047 | INFO | ✅ Đã đồng bộ lệnh thành công cho server: cc (ID: 1497242033146826762)
2026-08-18 03:24:14,436 | INFO | ✅ Đã đồng bộ lệnh thành công cho server: lớp B rô lốc (ID: 1517055610107985920)
2026-08-18 03:24:14,810 | INFO | ✅ Đã đồng bộ lệnh thành công cho server: Ăn Không Rồi Báo (ID: 1525379421417111593)
2026-08-18 03:24:15,147 | INFO | ✅ Đã đồng bộ lệnh thành công cho server: CT   Thduy X NgGin? (ID: 1532676507409973358)
2026-08-18 03:24:15,147 | INFO | Hoàn tất đồng bộ tất cả server!
2026-08-18 03:25:13,918 | INFO | logging in using static token
2026-08-18 03:25:16,092 | INFO | Shard ID None has connected to Gateway (Session ID: d1a3e917099b77c12ff19df35cb3a07c).
2026-08-18 03:25:18,140 | INFO | Đăng nhập thành công với tên: Chuoi Afk#8458 (ID: 1460506480615751814)
2026-08-18 03:25:18,140 | INFO | Bắt đầu tự động đồng bộ lệnh đến toàn bộ server...
2026-08-18 03:25:18,579 | INFO | ✅ Đã đồng bộ lệnh thành công cho server: minecraft+roblox (ID: 1457196962045497397)
2026-08-18 03:25:18,948 | INFO | ✅ Đã đồng bộ lệnh thành công cho server: cc (ID: 1497242033146826762)
2026-08-18 03:25:19,324 | INFO | ✅ Đã đồng bộ lệnh thành công cho server: lớp B rô lốc (ID: 1517055610107985920)
2026-08-18 03:25:19,735 | INFO | ✅ Đã đồng bộ lệnh thành công cho server: Ăn Không Rồi Báo (ID: 1525379421417111593)
2026-08-18 03:25:20,066 | INFO | ✅ Đã đồng bộ lệnh thành công cho server: CT   Thduy X NgGin? (ID: 1532676507409973358)
2026-08-18 03:25:20,066 | INFO | Hoàn tất đồng bộ tất cả server!
2026-08-18 03:26:26,600 | INFO | logging in using static token
2026-08-18 03:26:28,506 | INFO | Shard ID None has connected to Gateway (Session ID: 25e360e468bbb26816815909ca906331).
2026-08-18 03:26:30,547 | INFO | Đăng nhập thành công với tên: Chuoi Afk#8458 (ID: 1460506480615751814)
2026-08-18 03:26:30,547 | INFO | Bắt đầu tự động đồng bộ lệnh đến toàn bộ server...
2026-08-18 03:26:30,965 | INFO | ✅ Đã đồng bộ lệnh thành công cho server: minecraft+roblox (ID: 1457196962045497397)
2026-08-18 03:26:31,325 | INFO | ✅ Đã đồng bộ lệnh thành công cho server: cc (ID: 1497242033146826762)
2026-08-18 03:26:31,686 | INFO | ✅ Đã đồng bộ lệnh thành công cho server: lớp B rô lốc (ID: 1517055610107985920)
2026-08-18 03:26:32,057 | INFO | ✅ Đã đồng bộ lệnh thành công cho server: Ăn Không Rồi Báo (ID: 1525379421417111593)
2026-08-18 03:26:32,449 | INFO | ✅ Đã đồng bộ lệnh thành công cho server: CT   Thduy X NgGin? (ID: 1532676507409973358)
2026-08-18 03:26:32,449 | INFO | Hoàn tất đồng bộ tất cả server!
2026-08-18 03:27:20,688 | INFO | logging in using static token
2026-08-18 03:27:22,414 | INFO | Shard ID None has connected to Gateway (Session ID: 2aa42cd1488fb59f14370a01eca235fe).
2026-08-18 03:27:24,447 | INFO | Đăng nhập thành công với tên: Chuoi Afk#8458 (ID: 1460506480615751814)
2026-08-18 03:27:24,447 | INFO | Bắt đầu tự động đồng bộ lệnh đến toàn bộ server...
2026-08-18 03:27:38,442 | INFO | logging in using static token
2026-08-18 03:27:40,159 | INFO | Shard ID None has connected to Gateway (Session ID: dcbe13ddafcec07f25578f13cd552910).
2026-08-18 03:27:42,203 | INFO | Đăng nhập thành công với tên: Chuoi Afk#8458 (ID: 1460506480615751814)
2026-08-18 03:27:42,203 | INFO | Bắt đầu tự động đồng bộ lệnh đến toàn bộ server...
2026-08-18 03:28:24,903 | INFO | ✅ Đã đồng bộ lệnh thành công cho server: minecraft+roblox (ID: 1457196962045497397)
2026-08-18 03:28:25,368 | INFO | ✅ Đã đồng bộ lệnh thành công cho server: cc (ID: 1497242033146826762)
2026-08-18 03:28:25,648 | INFO | [MESSAGE] hieu0182. | CT   Thduy X NgGin? | #𝑚𝑎𝑖𝑛-𝑐ℎ𝑎𝑡 | chỉ check dc tn thu hồi tn th ae
2026-08-18 03:28:25,737 | INFO | ✅ Đã đồng bộ lệnh thành công cho server: lớp B rô lốc (ID: 1517055610107985920)
2026-08-18 03:28:26,117 | INFO | ✅ Đã đồng bộ lệnh thành công cho server: Ăn Không Rồi Báo (ID: 1525379421417111593)
2026-08-18 03:28:26,513 | INFO | ✅ Đã đồng bộ lệnh thành công cho server: CT   Thduy X NgGin? (ID: 1532676507409973358)
2026-08-18 03:28:26,513 | INFO | Hoàn tất đồng bộ tất cả server!
2026-08-18 03:28:35,002 | INFO | [THU HỒI / XÓA TIN NHẮN] Tác giả: hieu0182. | Server: CT   Thduy X NgGin? | Kênh: #𝑚𝑎𝑖𝑛-𝑐ℎ𝑎𝑡 | Nội dung bị xóa: chỉ check dc tn thu hồi tn th ae
2026-08-18 03:29:05,607 | INFO | [MESSAGE] mieubel. | CT   Thduy X NgGin? | #𝑚𝑎𝑖𝑛-𝑐ℎ𝑎𝑡 | ? a b đ ngủ à
2026-08-18 03:29:07,562 | INFO | [MESSAGE] hieu0182. | CT   Thduy X NgGin? | #𝑚𝑎𝑖𝑛-𝑐ℎ𝑎𝑡 | t code thấy mẹ ra
2026-08-18 03:29:11,293 | INFO | [MESSAGE] hieu0182. | CT   Thduy X NgGin? | #𝑚𝑎𝑖𝑛-𝑐ℎ𝑎𝑡 | chx á
2026-08-18 03:29:12,542 | INFO | [MESSAGE] hieu0182. | CT   Thduy X NgGin? | #𝑚𝑎𝑖𝑛-𝑐ℎ𝑎𝑡 | xí
2026-08-18 03:29:18,425 | INFO | [MESSAGE] hieu0182. | CT   Thduy X NgGin? | #𝑚𝑎𝑖𝑛-𝑐ℎ𝑎𝑡 | dag code nè
2026-08-18 03:29:28,854 | INFO | [MESSAGE] mieubel. | CT   Thduy X NgGin? | #𝑚𝑎𝑖𝑛-𝑐ℎ𝑎𝑡 | học it ầ
2026-08-18 03:29:33,556 | INFO | [MESSAGE] hieu0182. | CT   Thduy X NgGin? | #𝑚𝑎𝑖𝑛-𝑐ℎ𝑎𝑡 | lseoo
2026-08-18 03:29:36,988 | INFO | [MESSAGE] hieu0182. | CT   Thduy X NgGin? | #𝑚𝑎𝑖𝑛-𝑐ℎ𝑎𝑡 | à à
2026-08-18 03:29:38,039 | INFO | [MESSAGE] hieu0182. | CT   Thduy X NgGin? | #𝑚𝑎𝑖𝑛-𝑐ℎ𝑎𝑡 | drui
2026-08-18 03:29:55,101 | INFO | [MESSAGE] mieubel. | CT   Thduy X NgGin? | #𝑚𝑎𝑖𝑛-𝑐ℎ𝑎𝑡 | =))))) khổ
2026-08-18 03:30:06,274 | INFO | [MESSAGE] hieu0182. | CT   Thduy X NgGin? | #𝑚𝑎𝑖𝑛-𝑐ℎ𝑎𝑡 | kkk code tới sáng cx dc ấy
2026-08-18 03:30:09,558 | INFO | [MESSAGE] hieu0182. | CT   Thduy X NgGin? | #𝑚𝑎𝑖𝑛-𝑐ℎ𝑎𝑡 | mà th vừa vừa
2026-08-18 03:30:37,547 | INFO | [MESSAGE] hieu0182. | CT   Thduy X NgGin? | #𝑚𝑎𝑖𝑛-𝑐ℎ𝑎𝑡 | <@&1532679466021683352>
2026-08-18 03:30:46,213 | INFO | [MESSAGE] hieu0182. | CT   Thduy X NgGin? | #𝑚𝑎𝑖𝑛-𝑐ℎ𝑎𝑡 | dc nhỉ
2026-08-18 03:30:48,329 | INFO | [THU HỒI / XÓA TIN NHẮN] Tác giả: hieu0182. | Server: CT   Thduy X NgGin? | Kênh: #𝑚𝑎𝑖𝑛-𝑐ℎ𝑎𝑡 | Nội dung bị xóa: <@&1532679466021683352>
2026-08-18 03:30:56,924 | INFO | [MESSAGE] hieu0182. | CT   Thduy X NgGin? | #𝑚𝑎𝑖𝑛-𝑐ℎ𝑎𝑡 | đù dc nhì
2026-08-18 03:31:09,648 | INFO | [MESSAGE] hieu0182. | CT   Thduy X NgGin? | #𝑚𝑎𝑖𝑛-𝑐ℎ𝑎𝑡 | uổn công t code 1 tiếng 30p
2026-08-18 03:31:13,494 | INFO | [MESSAGE] mieubel. | CT   Thduy X NgGin? | #𝑚𝑎𝑖𝑛-𝑐ℎ𝑎𝑡 | oh
2026-08-18 03:31:18,001 | INFO | [MESSAGE] hieu0182. | CT   Thduy X NgGin? | #𝑚𝑎𝑖𝑛-𝑐ℎ𝑎𝑡 | thử đi
2026-08-18 03:31:26,967 | INFO | [MESSAGE] hieu0182. | CT   Thduy X NgGin? | #𝑚𝑎𝑖𝑛-𝑐ℎ𝑎𝑡 | thu hồi tin nhắn xog dùng lệnh
2026-08-18 03:31:36,351 | INFO | [MESSAGE] hieu0182. | CT   Thduy X NgGin? | #𝑚𝑎𝑖𝑛-𝑐ℎ𝑎𝑡 | aio thu hồi cx check dc
2026-08-18 03:32:04,005 | INFO | [MESSAGE] hieu0182. | CT   Thduy X NgGin? | #𝑚𝑎𝑖𝑛-𝑐ℎ𝑎𝑡 | 1
2026-08-18 03:32:04,151 | INFO | [MESSAGE] hieu096456 | CT   Thduy X NgGin? | #𝑚𝑎𝑖𝑛-𝑐ℎ𝑎𝑡 | 1
2026-08-18 03:32:06,032 | INFO | [THU HỒI / XÓA TIN NHẮN] Tác giả: hieu096456 | Server: CT   Thduy X NgGin? | Kênh: #𝑚𝑎𝑖𝑛-𝑐ℎ𝑎𝑡 | Nội dung bị xóa: 1
2026-08-18 03:32:08,834 | INFO | [THU HỒI / XÓA TIN NHẮN] Tác giả: hieu0182. | Server: CT   Thduy X NgGin? | Kênh: #𝑚𝑎𝑖𝑛-𝑐ℎ𝑎𝑡 | Nội dung bị xóa: 1
2026-08-18 03:32:23,107 | INFO | [MESSAGE] hieu0182. | CT   Thduy X NgGin? | #𝑚𝑎𝑖𝑛-𝑐ℎ𝑎𝑡 | wtf
2026-08-18 03:32:30,403 | INFO | [MESSAGE] mieubel. | CT   Thduy X NgGin? | #𝑚𝑎𝑖𝑛-𝑐ℎ𝑎𝑡 | dc nhỉ
2026-08-18 03:32:34,637 | INFO | [MESSAGE] hieu0182. | CT   Thduy X NgGin? | #𝑚𝑎𝑖𝑛-𝑐ℎ𝑎𝑡 | chiu ấy
2026-08-18 03:32:34,797 | INFO | [MESSAGE] mieubel. | CT   Thduy X NgGin? | #𝑚𝑎𝑖𝑛-𝑐ℎ𝑎𝑡 | giỏi
2026-08-18 03:32:38,601 | INFO | [MESSAGE] hieu0182. | CT   Thduy X NgGin? | #𝑚𝑎𝑖𝑛-𝑐ℎ𝑎𝑡 | thử spam chat đi
2026-08-18 03:32:41,402 | INFO | [MESSAGE] hieu0182. | CT   Thduy X NgGin? | #𝑚𝑎𝑖𝑛-𝑐ℎ𝑎𝑡 | / spamchat
2026-08-18 03:33:03,427 | INFO | [MESSAGE] hieu0182. | CT   Thduy X NgGin? | #𝑚𝑎𝑖𝑛-𝑐ℎ𝑎𝑡 | đã
2026-08-18 03:33:27,115 | ERROR | The check functions for command 'spamchat' failed.
Traceback (most recent call last):
  File "C:\Users\PC\AppData\Local\Python\pythoncore-3.14-64\Lib\site-packages\discord\app_commands\tree.py", line 1302, in _call
    await command._invoke_with_namespace(interaction, namespace)
  File "C:\Users\PC\AppData\Local\Python\pythoncore-3.14-64\Lib\site-packages\discord\app_commands\commands.py", line 881, in _invoke_with_namespace
    raise CheckFailure(f'The check functions for command {self.name!r} failed.')
discord.app_commands.errors.CheckFailure: The check functions for command 'spamchat' failed.
2026-08-18 03:33:30,576 | INFO | [MESSAGE] hieu0182. | CT   Thduy X NgGin? | #𝑚𝑎𝑖𝑛-𝑐ℎ𝑎𝑡 | vc tht
2026-08-18 03:33:42,814 | INFO | Bắt đầu spam DM cho hieu0182. (ID: 1502266917677957240) mỗi 1.0s
2026-08-18 03:33:43,806 | INFO | Đã gửi DM thành công cho hieu0182.
2026-08-18 03:33:45,346 | INFO | Đã gửi DM thành công cho hieu0182.
2026-08-18 03:33:46,786 | INFO | Đã gửi DM thành công cho hieu0182.
2026-08-18 03:33:48,235 | INFO | Đã gửi DM thành công cho hieu0182.
2026-08-18 03:33:49,829 | INFO | Đã gửi DM thành công cho hieu0182.
2026-08-18 03:33:51,712 | INFO | Đã gửi DM thành công cho hieu0182.
2026-08-18 03:33:53,364 | INFO | Đã gửi DM thành công cho hieu0182.
2026-08-18 03:33:54,789 | INFO | Đã gửi DM thành công cho hieu0182.
2026-08-18 03:33:56,254 | INFO | Đã gửi DM thành công cho hieu0182.
2026-08-18 03:33:57,390 | INFO | [MESSAGE] hieu0182. | CT   Thduy X NgGin? | #𝑚𝑎𝑖𝑛-𝑐ℎ𝑎𝑡 | đó
2026-08-18 03:33:57,935 | INFO | Đã gửi DM thành công cho hieu0182.
2026-08-18 03:33:59,082 | INFO | [MESSAGE] hieu0182. | CT   Thduy X NgGin? | #𝑚𝑎𝑖𝑛-𝑐ℎ𝑎𝑡 | 
2026-08-18 03:33:59,368 | INFO | Đã gửi DM thành công cho hieu0182.
2026-08-18 03:34:00,834 | INFO | Đã gửi DM thành công cho hieu0182.
2026-08-18 03:34:02,370 | INFO | Đã gửi DM thành công cho hieu0182.
2026-08-18 03:34:03,806 | INFO | Đã gửi DM thành công cho hieu0182.
2026-08-18 03:34:05,217 | INFO | Đã gửi DM thành công cho hieu0182.
2026-08-18 03:34:05,935 | INFO | Đã Dừng Spam Chat Cho hieu0182.
2026-08-18 03:34:05,936 | INFO | Task spam cho hieu0182. (ID: 1502266917677957240) đã bị hủy.
2026-08-18 03:34:13,366 | WARNING | We are being rate limited. DELETE https://discord.com/api/v10/channels/1538928928281071676/messages/1539009371881734265 responded with 429. Retrying in 0.30 seconds.
2026-08-18 03:34:14,573 | WARNING | We are being rate limited. DELETE https://discord.com/api/v10/channels/1538928928281071676/messages/1539009365988745319 responded with 429. Retrying in 0.30 seconds.
2026-08-18 03:34:16,410 | WARNING | We are being rate limited. DELETE https://discord.com/api/v10/channels/1538928928281071676/messages/1539009353569271949 responded with 429. Retrying in 0.30 seconds.
2026-08-18 03:34:57,638 | INFO | [MESSAGE] hieu0182. | CT   Thduy X NgGin? | #𝑚𝑎𝑖𝑛-𝑐ℎ𝑎𝑡 | code th mà
2026-08-18 03:35:00,713 | INFO | [MESSAGE] hieu0182. | CT   Thduy X NgGin? | #𝑚𝑎𝑖𝑛-𝑐ℎ𝑎𝑡 | kiên trì
2026-08-18 03:35:16,401 | INFO | [MESSAGE] mieubel. | CT   Thduy X NgGin? | #𝑚𝑎𝑖𝑛-𝑐ℎ𝑎𝑡 | kiên trì nnay tổn thọ
2026-08-18 03:35:20,651 | INFO | [MESSAGE] hieu0182. | CT   Thduy X NgGin? | #𝑚𝑎𝑖𝑛-𝑐ℎ𝑎𝑡 | kkkk
2026-08-18 03:36:01,361 | INFO | [MESSAGE] hieu0182. | CT   Thduy X NgGin? | #𝑚𝑎𝑖𝑛-𝑐ℎ𝑎𝑡 | nhưng đam mê
2026-08-18 03:36:02,444 | INFO | [MESSAGE] hieu0182. | CT   Thduy X NgGin? | #𝑚𝑎𝑖𝑛-𝑐ℎ𝑎𝑡 | hehe
2026-08-18 03:36:07,488 | INFO | [MESSAGE] hieu0182. | CT   Thduy X NgGin? | #𝑚𝑎𝑖𝑛-𝑐ℎ𝑎𝑡 | code web tui lm rui
2026-08-18 03:36:12,109 | INFO | [MESSAGE] hieu0182. | CT   Thduy X NgGin? | #𝑚𝑎𝑖𝑛-𝑐ℎ𝑎𝑡 | https://gioi-thieu.hieu82848688.workers.dev/
2026-08-18 03:36:13,009 | INFO | [MESSAGE] hieu0182. | CT   Thduy X NgGin? | #𝑚𝑎𝑖𝑛-𝑐ℎ𝑎𝑡 | nè
2026-08-18 03:36:34,456 | INFO | logging in using static token
2026-08-18 03:36:36,270 | INFO | Shard ID None has connected to Gateway (Session ID: 5362751a6efad671910a3f34050b2944).
2026-08-18 03:36:38,301 | INFO | Đăng nhập thành công với tên: Chuoi Afk#8458 (ID: 1460506480615751814)
2026-08-18 03:36:38,301 | INFO | Bắt đầu tự động đồng bộ lệnh đến toàn bộ server...
2026-08-18 03:36:38,698 | INFO | ✅ Đã đồng bộ lệnh thành công cho server: minecraft+roblox (ID: 1457196962045497397)
2026-08-18 03:36:39,146 | INFO | ✅ Đã đồng bộ lệnh thành công cho server: cc (ID: 1497242033146826762)
2026-08-18 03:36:39,508 | INFO | ✅ Đã đồng bộ lệnh thành công cho server: lớp B rô lốc (ID: 1517055610107985920)
2026-08-18 03:36:39,996 | INFO | ✅ Đã đồng bộ lệnh thành công cho server: Ăn Không Rồi Báo (ID: 1525379421417111593)
2026-08-18 03:36:40,359 | INFO | ✅ Đã đồng bộ lệnh thành công cho server: CT   Thduy X NgGin? (ID: 1532676507409973358)
2026-08-18 03:36:40,360 | INFO | Hoàn tất đồng bộ tất cả server!
2026-08-18 03:36:48,781 | INFO | [MESSAGE] hieu0182. | CT   Thduy X NgGin? | #𝑚𝑎𝑖𝑛-𝑐ℎ𝑎𝑡 | 1
2026-08-18 03:36:48,908 | INFO | [MESSAGE] hieu096456 | CT   Thduy X NgGin? | #𝑚𝑎𝑖𝑛-𝑐ℎ𝑎𝑡 | 1
2026-08-18 03:36:51,627 | INFO | [THU HỒI / XÓA TIN NHẮN] Tác giả: hieu096456 | Server: CT   Thduy X NgGin? | Kênh: #𝑚𝑎𝑖𝑛-𝑐ℎ𝑎𝑡 | Nội dung bị xóa: 1
2026-08-18 03:36:53,275 | INFO | [THU HỒI / XÓA TIN NHẮN] Tác giả: hieu0182. | Server: CT   Thduy X NgGin? | Kênh: #𝑚𝑎𝑖𝑛-𝑐ℎ𝑎𝑡 | Nội dung bị xóa: 1
2026-08-18 03:37:01,555 | INFO | [MESSAGE] hieu0182. | CT   Thduy X NgGin? | #𝑚𝑎𝑖𝑛-𝑐ℎ𝑎𝑡 | dc
2026-08-18 03:38:21,584 | INFO | logging in using static token
2026-08-18 03:38:23,700 | INFO | Shard ID None has connected to Gateway (Session ID: 6ec80c6885ad3c09b98fda162949f770).
2026-08-18 03:38:25,730 | INFO | Đăng nhập thành công với tên: Chuoi Afk#8458 (ID: 1460506480615751814)
2026-08-18 03:38:25,730 | INFO | Bắt đầu tự động đồng bộ lệnh đến toàn bộ server...
2026-08-18 03:38:26,076 | INFO | ✅ Đã đồng bộ lệnh thành công cho server: minecraft+roblox (ID: 1457196962045497397)
2026-08-18 03:38:26,469 | INFO | ✅ Đã đồng bộ lệnh thành công cho server: cc (ID: 1497242033146826762)
2026-08-18 03:38:26,809 | INFO | ✅ Đã đồng bộ lệnh thành công cho server: lớp B rô lốc (ID: 1517055610107985920)
2026-08-18 03:38:27,158 | INFO | ✅ Đã đồng bộ lệnh thành công cho server: Ăn Không Rồi Báo (ID: 1525379421417111593)
2026-08-18 03:38:27,497 | INFO | ✅ Đã đồng bộ lệnh thành công cho server: CT   Thduy X NgGin? (ID: 1532676507409973358)
2026-08-18 03:38:27,497 | INFO | Hoàn tất đồng bộ tất cả server!
2026-08-18 03:38:35,279 | INFO | [MESSAGE] hieu0182. | CT   Thduy X NgGin? | #𝑚𝑎𝑖𝑛-𝑐ℎ𝑎𝑡 | kgwkagkakawgwgakgwmgkamw
2026-08-18 03:38:35,432 | INFO | [MESSAGE] hieu096456 | CT   Thduy X NgGin? | #𝑚𝑎𝑖𝑛-𝑐ℎ𝑎𝑡 | 7.)?.?$\>?\?\|.
2026-08-18 03:38:37,301 | INFO | [THU HỒI / XÓA TIN NHẮN] Tác giả: hieu0182. | Server: CT   Thduy X NgGin? | Kênh: #𝑚𝑎𝑖𝑛-𝑐ℎ𝑎𝑡 | Nội dung bị xóa: kgwkagkakawgwgakgwmgkamw
2026-08-18 03:38:38,768 | INFO | [THU HỒI / XÓA TIN NHẮN] Tác giả: hieu096456 | Server: CT   Thduy X NgGin? | Kênh: #𝑚𝑎𝑖𝑛-𝑐ℎ𝑎𝑡 | Nội dung bị xóa: 7.)?.?$\>?\?\|.
2026-08-18 03:38:55,568 | INFO | [MESSAGE] hieu0182. | CT   Thduy X NgGin? | #𝑚𝑎𝑖𝑛-𝑐ℎ𝑎𝑡 | ậlawjgjgajg
2026-08-18 03:38:56,762 | INFO | [MESSAGE] hieu0182. | CT   Thduy X NgGin? | #𝑚𝑎𝑖𝑛-𝑐ℎ𝑎𝑡 | gặgkajwgjanwg
2026-08-18 03:38:58,216 | INFO | [MESSAGE] hieu0182. | CT   Thduy X NgGin? | #𝑚𝑎𝑖𝑛-𝑐ℎ𝑎𝑡 | gagjwgjawjkg
2026-08-18 03:38:59,778 | INFO | [THU HỒI / XÓA TIN NHẮN] Tác giả: hieu0182. | Server: CT   Thduy X NgGin? | Kênh: #𝑚𝑎𝑖𝑛-𝑐ℎ𝑎𝑡 | Nội dung bị xóa: ậlawjgjgajg
2026-08-18 03:39:01,159 | INFO | [THU HỒI / XÓA TIN NHẮN] Tác giả: hieu0182. | Server: CT   Thduy X NgGin? | Kênh: #𝑚𝑎𝑖𝑛-𝑐ℎ𝑎𝑡 | Nội dung bị xóa: gặgkajwgjanwg
2026-08-18 03:39:02,534 | INFO | [THU HỒI / XÓA TIN NHẮN] Tác giả: hieu0182. | Server: CT   Thduy X NgGin? | Kênh: #𝑚𝑎𝑖𝑛-𝑐ℎ𝑎𝑡 | Nội dung bị xóa: gagjwgjawjkg
2026-08-18 03:39:42,245 | INFO | [MESSAGE] hieu096456 | CT   Thduy X NgGin? | #𝑚𝑎𝑖𝑛-𝑐ℎ𝑎𝑡 | 
2026-08-18 03:39:44,290 | INFO | [THU HỒI / XÓA TIN NHẮN] Tác giả: hieu096456 | Server: CT   Thduy X NgGin? | Kênh: #𝑚𝑎𝑖𝑛-𝑐ℎ𝑎𝑡 | Nội dung bị xóa: <Tin nhắn không có văn bản (chỉ có ảnh/file/embed)>
2026-08-18 03:41:49,363 | INFO | Bắt đầu spam DM cho hieu096456 (ID: 1538953879537065984) mỗi 1.0s
2026-08-18 03:41:50,294 | INFO | Đã gửi DM thành công cho hieu096456
2026-08-18 03:41:51,811 | INFO | Đã gửi DM thành công cho hieu096456
2026-08-18 03:41:53,376 | INFO | Đã gửi DM thành công cho hieu096456
2026-08-18 03:41:54,874 | INFO | Đã gửi DM thành công cho hieu096456
2026-08-18 03:41:56,578 | INFO | Đã gửi DM thành công cho hieu096456
2026-08-18 03:41:58,038 | INFO | Đã gửi DM thành công cho hieu096456
2026-08-18 03:41:59,744 | INFO | Đã gửi DM thành công cho hieu096456
2026-08-18 03:42:01,168 | INFO | Đã gửi DM thành công cho hieu096456
2026-08-18 03:42:02,712 | INFO | Đã gửi DM thành công cho hieu096456
2026-08-18 03:42:04,177 | INFO | Đã gửi DM thành công cho hieu096456
2026-08-18 03:42:05,667 | INFO | Đã gửi DM thành công cho hieu096456
2026-08-18 03:42:07,146 | INFO | Đã gửi DM thành công cho hieu096456
2026-08-18 03:42:08,574 | INFO | Đã gửi DM thành công cho hieu096456
2026-08-18 03:42:09,980 | INFO | Đã gửi DM thành công cho hieu096456
2026-08-18 03:42:11,530 | INFO | Đã gửi DM thành công cho hieu096456
2026-08-18 03:42:12,948 | INFO | Đã gửi DM thành công cho hieu096456
2026-08-18 03:42:14,430 | INFO | Đã gửi DM thành công cho hieu096456
2026-08-18 03:42:15,822 | INFO | Đã gửi DM thành công cho hieu096456
2026-08-18 03:42:17,417 | INFO | Đã gửi DM thành công cho hieu096456
2026-08-18 03:42:17,969 | INFO | Đã Dừng Spam Chat Cho hieu096456
2026-08-18 03:42:17,969 | INFO | Task spam cho hieu096456 (ID: 1538953879537065984) đã bị hủy.
2026-08-18 03:42:25,683 | WARNING | We are being rate limited. DELETE https://discord.com/api/v10/channels/1538964225576276008/messages/1539011439686328391 responded with 429. Retrying in 0.30 seconds.
2026-08-18 03:42:27,552 | WARNING | We are being rate limited. DELETE https://discord.com/api/v10/channels/1538964225576276008/messages/1539011426457223239 responded with 429. Retrying in 0.30 seconds.
2026-08-18 03:42:29,447 | WARNING | We are being rate limited. DELETE https://discord.com/api/v10/channels/1538964225576276008/messages/1539011413111218276 responded with 429. Retrying in 0.30 seconds.
2026-08-18 03:42:31,309 | WARNING | We are being rate limited. DELETE https://discord.com/api/v10/channels/1538964225576276008/messages/1539011400326844446 responded with 429. Retrying in 0.36 seconds.
2026-08-18 03:42:32,591 | WARNING | We are being rate limited. DELETE https://discord.com/api/v10/channels/1538964225576276008/messages/1539011394039447582 responded with 429. Retrying in 0.30 seconds.
